person_id,school_id,summercamp,female,parental_schooling,parental_lincome,test_year_1,test_year_2,test_year_3,test_year_4,test_year_5,test_year_6,test_year_7,test_year_8,test_year_9
p1,5,1,0,14,15.263623432070732,3.246126073526132,2.986040212564425,2.5813164718763133,2.163745295445529,2.6145309022392227,3.0968913886917924,3.441023269594311,3.4246969825144653,3.2907290963516576
p2,14,0,1,11,13.9549382281615,0.9931784381243671,1.5873126213283322,1.1569161461618043,0.8169301305157328,1.2467122301955622,1.7556518845620854,1.5766563576761325,1.0714670555010408,1.9704854859922405
p3,7,1,0,13,15.065136380531678,1.8215920370447065,1.0228307851278728,2.3792291099343092,1.8767095444015065,2.207277977737247,2.569107581702171,3.093445350730674,3.105839593914603,2.2822063549528186
p4,8,1,0,14,15.321806195935332,2.151125274921493,2.994480346878366,2.005090502306676,2.2287528364870397,2.3101255578887847,2.96082620826146,2.999854285373814,2.8014623141863257,2.8850315228417616
p5,9,1,1,14,15.712606830430275,3.0313831498053236,3.172614335527038,2.662257401588676,3.0166514592557285,2.9124012729625917,3.5352431285153543,3.032108919838228,3.309974930559419,3.3490864920778614
p6,26,0,0,12,14.039648253134818,1.524860550409155,1.5457819205220344,1.0964321159065555,1.5254868560097739,1.6280847522340165,1.93902195764847,1.7797263974511963,1.2851061851329892,1.9495069739312523
p7,13,0,0,12,14.522726774196645,1.7734317619102724,1.1616473558218328,1.5844180197030568,0.789072637528002,0.7326159444780974,1.4565210832963782,1.010068003447369,1.3754732112285217,0.7204161804695111
p8,11,0,0,12,14.236155688552712,2.2960012596471877,1.8551317667481935,2.1603813981694877,2.050367602852654,2.579992023007664,0.8530145693534232,1.721387755303547,2.017825426900944,1.89290952147838
p9,23,0,0,13,14.738344224822688,1.3364034587293692,1.269800776421938,1.5286968789809985,2.047603536838263,1.5374830451284047,1.9422048799885636,2.1373087463501506,2.0533405887169014,1.6777632488645848
p10,9,1,1,13,14.159233562586403,1.206232041403644,2.100335385606071,1.5918978678841151,1.4389820691656443,1.8759539196046982,2.3242188238064942,2.3102439476470686,1.981230649217677,2.1396904906654837
p11,25,1,1,15,16.206490756725383,3.5147000598460174,2.8584127322151414,3.436123796404454,3.0797620675061275,2.99958806167173,4.037893541230677,3.631067597639753,3.775440193528698,3.7559557506162147
p12,15,0,0,12,14.205164071011481,2.059062657877729,1.0465111787895551,1.9084484758733204,1.1442173916580105,1.8236002995843812,2.941284238574164,1.8823383870240704,1.8959094495122772,2.0010809785148
p13,3,1,0,13,14.633145182993875,1.9587507819764158,2.3555985120658742,1.4251081431058188,1.7348330626506434,1.640213669498594,2.6526860952264846,2.34651482210739,2.410334342774414,2.7422437588066106
p14,4,1,1,13,14.954175503346551,2.43201336070081,2.3075094538638026,2.276190749973461,2.702293795161213,2.255625632365879,2.793418513730826,2.5449064730320834,2.614820480186939,2.6286026119828385
p15,17,0,0,14,14.904296193645058,1.568809369714685,2.6263946478104825,2.0764319949438304,1.2981060273921063,1.8414507308817938,2.564835648542972,2.1589579544852207,1.8064404073844416,1.6957289292088413
p16,7,1,0,13,15.11577908408622,1.9463211372666116,2.388165136151214,2.274139073165154,2.15021578886167,2.9370033992400315,3.057036098671233,3.2353579343011485,3.287565818448314,2.9889787778309898
p17,11,1,1,13,14.852618104793558,2.996116700217502,2.7623779756128,2.6719886333644687,2.0377435801166675,2.888250890303881,3.1058899533196453,3.31463146936163,3.2090400007874327,3.004781704569896
p18,28,0,0,12,14.6599891187765,1.9032655568073338,1.4574615357831293,1.8141808995088875,1.5728219215898285,1.8165456225355388,1.5459071684808132,2.002202855549108,1.3286910599486148,1.6667123210200117
p19,15,0,1,13,14.915139992548117,1.8502901550259132,2.122265294467611,1.9991738177799332,2.9648356398679345,2.4471039861910175,2.2655128787668994,1.885762070129767,2.186597278813695,1.9769393703710918
p20,22,0,0,12,14.76643302223681,2.3909017867853835,2.5297125318831517,2.219451690088137,2.196290605332748,2.5741636177943743,2.2067722569962287,1.8365307252776937,2.2646481994176173,2.002074322684393
p21,8,1,0,13,14.98200425943793,2.2395140192496035,1.84028135934168,3.0036350495261153,2.7618994334138294,3.2632194243537396,3.165898113160537,3.2542756447208556,3.1186325913096504,3.0417223863330043
p22,3,1,0,12,14.734346478037633,2.4354945250979814,1.7603787733198473,2.0465960271163874,1.65679392017809,1.9012434836222294,2.463699746681016,2.5500903149322496,2.268483338058396,2.5980272815194883
p23,4,1,0,13,14.782720227410891,2.596325213341104,2.5849564823060933,1.5419583771969985,1.4459091589524946,2.3140159191358465,2.314794661779546,2.2961498420490627,2.260732797534015,2.0533428185320397
p24,7,1,1,13,14.932014325419692,2.245106849851353,2.4021847119352313,1.9745950538610946,2.077242122452736,2.2832763225827795,3.352284836572029,2.574139415515103,2.794448037999761,2.2200430254755346
p25,16,1,0,15,16.875496614833835,2.6452797776135495,3.063176931030557,3.559975676072043,3.52315676345001,3.558761561825401,3.5842822650275874,3.7586661077037418,3.898211136152186,3.7835892438472674
p26,21,0,1,13,14.603153123749866,1.5412953194180616,2.308498409476562,2.101395158249235,1.9614089878460725,2.2741914435127395,2.28880434046008,1.9255139131493506,2.597577232186632,2.332138787308911
p27,4,1,0,12,14.98517752303873,2.535757584314614,2.4646018649647314,2.1028910311732085,3.1395602521082124,2.485989106504917,2.9985795972473945,2.5430643242005972,3.396740926973238,3.016873636471684
p28,12,0,1,14,15.275032009775376,1.122396486808356,1.8590022725924573,2.5763795657643156,1.9530081292166148,1.5506900374076764,2.3498557623902214,2.1233307279296754,2.06711011168702,1.9550448065027841
p29,24,0,0,15,16.750134745763262,1.9413223774996822,2.628240827617438,3.3162969780272515,3.3209379686673524,3.5032907715678783,3.0850584696599097,2.748033277423571,2.05340237199584,2.6670232520089354
p30,28,0,1,13,15.16139647756694,2.25195910888773,2.281719221551708,2.252026862477293,2.687228546084142,2.2546847514301027,2.7958089412821634,2.060849744280125,3.075161779829552,2.9164850515707776
p31,7,1,0,13,15.13290046566362,2.5455564079689967,2.738935013509349,1.9877749632522352,2.8961305573545166,2.074764819325769,2.2419012039576054,2.27223888219356,2.437698975226047,2.3452990726843566
p32,14,0,0,12,14.410953527132772,1.5111061948371811,1.513770592047496,1.2688276245911307,1.0607455652150852,1.2715056249156365,1.897467188277116,1.6386789004517368,1.4427316021868606,1.362661507243655
p33,7,1,0,13,15.077670058518365,1.6632851293163269,1.6817898865417316,2.2970964882441494,2.342951145630707,2.1350504090885467,2.5657164072179284,2.6626631132229943,2.418632893384395,2.2183489167621313
p34,15,0,0,13,15.725684772486238,1.4887147686426256,2.6144274207659657,3.0771388554445176,2.689933759804421,2.156603024326699,2.0383419877303646,2.064832522521456,2.373395647369871,2.079554715714445
p35,22,1,0,15,16.258428995516287,3.8314493457898493,3.131515105013309,3.3207526529449987,3.00908784151298,2.8978836858009873,2.958372624705929,3.319926611381061,3.6200178140579684,3.5737376805035215
p36,30,1,0,14,16.05975618569789,1.9891792152207384,3.341698911069854,3.0023921111452414,2.5292987223706542,2.476128166822158,3.3290598475169757,3.2281048034401767,2.6408224477731643,3.544333017985155
p37,27,0,0,12,13.647552983186209,2.689808547284404,1.4355363726531256,2.0704386028915165,1.7294061673258803,0.6701198633888807,1.704760088185977,1.6055825970355029,1.9337732584247558,1.695605030738235
p38,29,0,0,12,14.26857050675088,1.2907109700265498,1.6274511659901798,1.7149759703092102,2.201268160404733,2.5514379801971536,1.8280604732608994,1.8212732958947837,2.067758680359829,1.4160287104244573
p39,27,1,0,13,15.410794600424074,0.9371895093160039,2.3316390421196633,2.243353390535371,2.0739276259515265,1.7147804300738476,2.893105906716909,2.9190084397397413,2.326964503716303,2.9402062461245615
p40,16,0,1,11,14.362594940182424,1.3716104182523305,1.0351964342465814,0.5779210223904774,0.9812585001211244,1.2589949368783868,0.982283739543148,1.5445906190422267,1.6506273539744376,1.5025956725206355
p41,7,1,0,14,15.265434408233451,1.7766114190134799,1.8659796827163786,2.8386640169118804,2.7495061566687795,2.7808793668298795,2.4793914656573293,2.708707225112523,3.0729786458262285,3.3500176450974766
p42,2,1,0,13,14.27692388693866,1.8110929426839588,1.7857969313453175,1.9518694242694303,1.5053016185284114,2.424482489715964,2.3734081751858223,2.9822537365194366,2.9692634554484987,2.294662845730971
p43,4,1,1,14,15.21559357788765,1.7509639676466007,2.4866682594829004,2.426283196027394,1.8815642646819946,1.8758249005257144,3.0245814475924546,3.253062122499108,3.110250776873592,2.9768659740846
p44,6,1,1,13,15.425435638540627,2.3707393801400825,2.382703644292131,2.3504936759036057,3.0807471034665506,2.2963549795507796,2.9097647853873156,3.4322180520059873,3.2548881670525627,3.33903885035651
p45,9,1,1,13,14.857553538473303,1.396922843247945,1.918821793390399,2.9640682264060985,2.0541587420287293,2.017634071037789,2.254278687627471,2.3879636263684842,2.117490597885247,2.3947245893456297
p46,25,0,0,14,15.63224257071594,3.029370629651394,2.531877254579536,2.71141065462608,1.8701708720582897,2.8659190154112473,2.8978807724970568,2.830209460299309,2.623190842750866,3.0058083931846977
p47,4,1,1,12,14.913607266558968,1.5221005043648193,2.191859934563413,2.4352426099201874,2.1006759072636365,2.038108760420728,2.642237560791529,2.327519111089815,2.1296360994587027,1.971297802909862
p48,11,0,1,14,15.188102844982145,2.012427103770717,1.8713136392044867,1.6702441459775603,2.345450815990234,1.8612797797086373,2.31245572295747,1.6951814493042534,2.2361218864603623,2.423767248236882
p49,19,0,0,13,14.945739597457585,1.4920200252935256,1.9820556611241353,2.8138141643384458,1.8924523739606565,1.6430764511999003,1.9054027222256835,2.2099755012646223,2.02564248630658,1.9142198367470293
p50,22,0,1,12,14.647406016535408,1.8470299605351386,2.3262106953792725,1.8202555739352224,1.6804422105081982,1.5921245163928681,1.2902640453146774,1.6315469166246057,2.119929328065415,1.2310387017369104
p51,12,0,0,13,14.863562313969783,1.7145734070222918,1.7177783452677748,1.3574530688513338,1.4079052006231019,2.0249136881809706,1.0796765137296134,1.380639364733094,1.9683290362019314,2.027957252517422
p52,23,0,1,14,15.181083771903703,2.2879223729408116,2.5485356015777136,2.7704907806444767,2.1713081411603996,2.4076001549625996,2.4965453044465753,2.965463056876812,2.5155658416158184,2.2722782970200393
p53,24,1,0,14,15.17273690985529,3.287895815607234,3.1426328337067555,2.620359931075365,3.067959015816832,2.5218935502878277,3.2151640648199993,3.5224882581448136,3.2777214789468174,4.048705112479536
p54,11,1,0,14,15.512630334415734,2.5481371089566243,3.603108413986988,3.3814263087544814,2.3724666635031393,2.7494725401161806,2.985849379818538,2.9970890402636647,3.4383518473783714,3.3887398223207383
p55,7,1,0,13,14.832089717271275,2.2264610554268964,3.011404300651702,2.7851829169008306,1.5731761579422892,2.812144143015395,2.846414151188566,2.489848513501885,3.4041882909951027,3.1452520742900396
p56,23,0,1,12,14.483752599969408,2.108881207468336,2.2865914258010376,2.14219842576826,1.4257458400800997,1.8183558563221647,2.021551077892024,1.7635915372841686,0.8082126096826352,1.3021169255087262
p57,28,0,1,13,14.800545451337086,2.3580967922034044,2.5784237674075934,2.570045203044496,2.1943179758774467,2.192117751055566,2.2078877330933464,2.4875173016888503,2.1708272483508773,2.4811103437124578
p58,26,0,1,12,14.678751383895282,2.0296073219790842,1.4449268054640876,1.6834563171025394,1.642254141617892,1.8885079040809845,1.7560073578176658,1.273176069313728,1.9317219861957904,1.2711798875911864
p59,30,0,0,13,15.458619032245474,2.2229344666485367,2.1697280582388703,0.7989605403600052,2.357817885366238,1.9354415893805879,2.700760710687267,2.387829813256557,2.180767698966121,2.1570680587904456
p60,10,1,1,14,15.699880594126524,2.192186031269666,2.440067318871874,2.2415951433759744,2.289456707848081,2.388580511819321,2.6405046655636704,2.783464137783325,2.9663209133821553,2.968481214107446
p61,19,0,0,11,14.71029061035486,0.566284097492954,0.833658916650789,1.177814341962951,1.5126867766855134,1.0422797938799522,1.976991815080719,1.4830411148058287,1.4596913145939885,1.8836467193024888
p62,19,0,1,13,15.242653479823355,2.082380592276614,2.6173067505239125,2.2606934382307053,2.1523118544816624,2.981211266335727,3.079988122450623,3.0770989425089965,1.9269262806770668,1.9033999483686985
p63,4,1,0,12,14.577104732438755,0.9741353213797457,2.045809034560335,1.5121097114546478,1.2253538774351949,1.6281730265408434,1.9301454688963435,2.1540200173571926,1.7789191419301322,1.870655342846606
p64,17,0,0,13,15.558673325445517,2.017388160673261,2.770003106211346,1.0090079068199254,2.120496615237973,2.498917760451262,2.6791417364285155,1.904997398859923,2.151880044262929,2.07796890850329
p65,10,1,1,14,15.399052596249456,2.5608412936335103,2.740397528491347,2.628848651704617,2.5816017000064937,3.0943147666063244,3.075063197681421,3.3248018847314746,3.1747157287531795,3.3828723131482517
p66,1,1,1,14,15.655658246322469,2.135542739805897,2.8660483716130685,2.7351196458882563,3.0041602233779647,3.067648392288705,2.638026622783803,2.9225657622677548,2.9231105877759362,2.951679364926825
p67,19,0,0,14,15.595904709933865,2.5641223327067464,2.4480545321476006,2.244920933200251,2.720584281630911,3.2620405353138264,2.299758337315713,2.302787944596276,2.333629605856192,3.1752487623048222
p68,19,0,1,14,15.842517492674764,1.8924300690788554,2.3926609281475444,2.5332241187876283,2.314788620206111,2.546493804094918,1.9301881486548544,2.239106337686133,2.706578662707229,2.8077590583408676
p69,28,0,0,14,15.403502468705316,2.40385382733173,2.5863658936669283,2.1924660486282024,1.6371346623188527,2.767740208730034,2.311053478334975,2.5937259877090466,2.2658105277645113,2.1426610808527125
p70,24,1,1,15,15.786091727713838,3.3748601356346737,2.9244437406767267,3.390086803662752,3.8159915730391516,3.349826522038355,3.9045953234231607,3.3635529087071547,3.08037012770832,3.589343324076351
p71,5,1,0,13,14.968831992089338,1.97496213108364,2.3951438802292353,2.275201433616696,1.7812524386838589,2.9937036326026223,2.7301103984415644,3.0349936751654174,3.2355841485044685,3.2170858929948323
p72,29,0,0,13,15.565513633343762,2.3711780422862,2.053173088898815,1.8602263379768211,2.384278500855195,1.8152807116743568,2.2468515723494296,2.1309115240344654,2.4344308003781454,2.7729729614240863
p73,22,1,0,14,16.253178784316617,1.5914088715264014,2.9558809611017987,3.228070875235223,3.0637674506270733,3.6131345465644142,3.332369550206829,3.514397384321245,3.6554784066002868,3.150756013103877
p74,29,0,0,11,13.96056260810297,1.4599458113332082,1.252668378852633,1.592749428448719,2.0655778785973835,1.3389267468160213,1.2242419537042875,1.571132450136419,1.8741745031245642,1.7451597305825424
p75,19,0,0,13,14.800121166067417,2.5965511820670413,1.6399020439149352,1.6123817827780635,2.08807133640809,3.061041744033739,2.191352726060802,1.8431380393113626,2.0681318308690178,1.9699635955090349
p76,15,1,0,13,16.037075754225164,2.7214501707306913,2.6516640655948627,3.2146310867796113,2.1465594113339987,2.830301103121335,3.436748703597125,3.3548904307173726,3.5719901140312884,3.65662874589031
p77,27,0,0,12,14.41857953661333,1.5118637726372515,1.5292531131444502,1.07936604560531,1.034367689137524,1.9096581660965224,1.5838961896424677,1.2220521275467486,1.2007417122214397,1.253154385653752
p78,1,1,0,14,16.2416208948465,2.18475882634902,2.389966040929785,2.3230620018382746,3.6633389070877582,2.8870078576821028,3.3780785318700803,3.7157928379686473,3.6078183083967246,3.4297373682179706
p79,17,0,1,13,15.46614325481273,1.9711125827802924,2.438981197974165,2.5073992828980876,0.8221421507560593,0.8004679447852436,1.8864432778618931,2.055951102161023,2.133413641183368,2.4087065515720374
p80,11,0,1,13,14.632713493107333,0.7296350801494658,2.2190081782375803,2.344426882032278,2.1455090287332554,2.448549719763101,1.6178182133089543,1.684261934494972,2.3674468927598644,1.727110131043081
p81,2,1,1,13,14.492264970960653,1.8336429085981576,2.299158283203106,3.1317167272276083,2.164418622075058,2.9245751504580997,2.9143437939564785,2.753031929567822,2.43698560566748,3.258601105986781
p82,16,1,0,14,16.03725766479005,3.1780117999708315,4.257171533619968,3.61986242431217,3.412336578161681,3.4732750749394437,3.7380827566530344,3.876158663147796,3.8858910600598615,3.768476375054136
p83,5,1,0,13,14.768965830803836,2.4948773522966015,2.8777147627130995,2.2277559684099053,1.8440074684377004,3.1658720495831525,2.7670464114511866,3.487544341365086,3.023148964091234,2.36624746130758
p84,12,0,1,12,14.751496784237556,1.7179725029665218,1.6485201373097265,1.3739472976656837,1.2831973809010566,1.5333956826539925,1.4586567200474747,1.5595992586788305,1.838559232976233,0.9254399749199755
p85,4,1,0,14,14.753000183701898,2.0586983380738952,2.3818027507610515,2.5320316223333728,1.8142004498186226,2.5427888866029855,2.291576409720029,2.6326872660447926,2.672157819930094,2.643721808391534
p86,19,0,1,13,15.022658998084639,0.879619613283875,2.74021843366269,2.3938557987451,2.242980701391129,1.7679474970846298,1.9791704681809197,2.2331093807117757,2.917240719668905,2.6543421853102993
p87,7,1,1,15,16.35060856784426,2.3552026654982314,2.807069814773798,2.793651378353583,2.714338359568425,3.2315049865062817,3.4138435333572814,3.9187892547968537,3.8359910341000347,3.481223146742859
p88,10,1,0,12,14.95071620912192,1.9477933781135002,2.0566552980026236,2.655050377396965,1.6413326990114725,1.7577651967974999,2.5698559901192866,2.288650047461516,2.4145345827095364,2.536544652716246
p89,26,1,1,13,15.192790864389643,2.3582523004707654,2.0059420479040955,2.9414977180984496,1.8027011637852326,1.9452567187824823,2.8403708852119625,2.600198681918128,2.7201663485701535,2.525126691993608
p90,14,1,1,12,14.909884251878808,2.183463651384433,2.39464841425223,1.6188745355452927,2.130265015846547,2.0186061375273097,2.4709638813158628,2.8853288898110887,3.0090840770138554,2.8701740797291366
p91,23,1,0,14,15.645442420742622,2.4770175004591217,2.034625521948325,2.6107407374905796,2.9602812771880176,2.577428065664175,2.9558079306313942,3.310042567946135,3.1448809319179953,2.8735813898820584
p92,15,1,0,13,14.940552873019882,2.8336732070813944,2.5449926272666032,2.124571677820087,2.3405162188719766,2.2276822223440713,2.6899768088014344,2.901583214959871,2.620122979921575,3.018094860581307
p93,23,1,0,13,15.220262669828832,1.4729427869301512,1.9429921127828886,1.980303698916398,2.5282947179894038,2.956537826764572,2.6179565553984125,3.6242019217175185,3.364500826184249,3.4046900898715378
p94,23,0,1,12,13.644574883136395,1.1355750480518605,0.69549543438187,1.004117115329871,0.9545644154352705,0.9064101142793256,0.9028521854032464,0.39324980512017393,0.8104467533330578,1.157252232188237
p95,28,0,0,13,14.966082163012434,2.1196241817508614,2.6705260074552757,2.032571737989223,2.5072357061878203,1.7526079588467243,2.089997752963843,2.1192828063231426,2.5903096426636187,1.9181220952902265
p96,16,0,1,13,14.963109720684075,1.8821058603353222,2.598300110979546,3.1627537539376886,2.028314311690429,1.5702252382629882,1.5086440414754718,1.9210209086285541,2.768011269547261,2.616873892666882
p97,7,1,0,13,15.624651254767054,2.9672084907048246,2.5933843416524733,2.4266512869081653,2.480215075578258,3.073420877295164,3.08449481064501,2.352564096744967,2.496678015046819,3.0377641592450866
p98,1,1,0,11,13.947603277548442,0.8517793804661092,1.6026449865594505,2.0148824207493443,2.0670074817745956,2.317608061253651,1.968892104485187,2.045944386776826,2.5547720499880535,2.350771660612289
p99,2,1,1,14,16.3188896333852,2.948611269961865,3.956470852990931,3.5618923746145694,3.0942402987529563,2.669966422018622,3.5886576543289723,3.6342348553863064,3.2388469811248415,3.796382818524311
p100,16,0,1,13,15.654887930187229,2.3648068526549206,2.4815372535865885,1.9884644270751255,2.2304623007341147,2.5363013170939817,2.196905814017176,2.406851267388471,2.2204301757151472,2.36608175193599
p101,17,0,1,12,14.244849147042904,1.5519455637653323,0.7744098531206001,1.2872586161999418,1.712828666841659,1.6319276482913327,1.351319015990863,1.6461058243951396,1.627224885447856,1.6153830986054791
p102,6,1,0,13,15.37219516155493,2.5714499215849576,2.505626778681392,2.4423869515146275,2.2497528176731065,2.5602719972203074,2.8249480747998557,3.1619941720810503,2.8867094445558754,3.16369577588974
p103,25,1,0,14,15.418220342708949,2.712526159078353,2.648440511299625,3.1383939215353713,3.3299765245417206,2.3338410629503104,3.1945073151919674,3.573480265173538,3.2976222714714924,3.5631262294164237
p104,6,1,1,14,16.046003544868718,2.7688666257051517,2.487616558309052,2.471711259607043,2.1187846003610544,2.02637247835486,3.134013959784242,3.141068051495002,3.911398362548124,3.296310817588528
p105,9,1,1,14,15.88488739397434,2.227903520178071,2.329253194060954,2.9473552664034885,3.5035332664610146,3.493866372698975,3.3782774998993577,3.3266019446201534,3.6560582670266535,3.171403852886927
p106,30,1,0,14,15.746230270304745,2.285110257933579,2.893592220512591,3.1638022065573423,2.9006630478837114,3.8642343973276763,3.2096900925798115,3.74748310165361,3.7658025080299473,3.594422256431374
p107,19,1,1,14,15.76123949329284,2.7120076626724776,2.632946887757796,2.6519328981941332,2.1945388105707764,2.224505752889046,2.4225932506417434,2.898962327295399,2.9920761207565425,2.934441864595831
p108,24,0,1,12,14.983611276579923,1.821556880806027,2.156768987106735,1.6863657230110376,2.3191504893793393,1.0620531387132635,1.7829943659575003,1.2666301585617428,1.3059956390840237,1.8822820227272703
p109,23,0,1,14,15.78586469408247,2.6848820084835276,2.799532570076152,3.576623509086473,2.8408037943701494,3.053075123325692,2.7022649669095156,2.798761804449854,3.0995120660469917,2.3388600837869813
p110,30,0,0,13,14.96278217490631,1.9471298843923905,1.8605777693507533,1.9159680523745743,2.371220156262229,1.680428537649865,2.2615809719603495,2.1249139548477727,2.606453524795305,2.0458185891934897
p111,30,0,0,11,14.299874221935035,1.6321462517878416,1.2151249253625123,2.065804863152407,0.8589969034630053,1.4779208976957965,1.4093243803203506,1.312534225545969,1.0728118497682781,1.2396221733166097
p112,15,0,0,12,14.891232692040697,2.737158945694319,2.6119417064349064,2.852541124343555,2.610164108220461,2.4113426026044085,2.1157779251318756,2.2893924683072573,2.515151762823641,2.2418996112740737
p113,10,1,1,13,15.145025134332274,2.045530576343813,2.0520460321123517,1.0911503735367345,2.226574455341678,2.7651946334129494,2.51738216391883,2.275327484964381,2.2587374566935465,2.429416646341183
p114,3,1,1,12,15.070333215445974,1.9427660474283426,2.2308953064307033,1.3919363311285524,1.5556904841026375,1.856592459982799,2.6104302013481684,2.089966730620802,1.9799415824790203,2.088537653264765
p115,5,1,1,13,14.143775492297127,2.535970166633888,1.8009050484074198,2.2068531635608375,1.6278038644255632,1.6310915078313901,2.1741416921159153,2.163872001873716,2.951966604992412,1.7680507565737664
p116,11,0,1,14,15.091432809423422,1.9703656975636696,1.9361781350308325,2.2463088467364676,1.977233135115184,1.7438656030785027,2.2870537368373736,2.544050749052317,2.036459905897284,2.2692872661588583
p117,23,0,0,12,14.481073943070083,0.4416968257681475,1.3233248353590366,1.3035004111677084,1.3473138067159376,1.7732358249486468,1.1017848578866754,1.3670003456829896,1.4269380943611236,1.7720233871570188
p118,26,1,0,13,15.305821485029925,2.402048330757334,2.6269530808752735,2.592624599602158,2.8434505520928344,2.9834010663083532,3.036026840524206,3.384390446029272,2.828446162835062,3.227431193148564
p119,19,0,1,13,15.486552116269227,1.9285256581927883,1.5848672220289186,2.101081480627741,1.813821518825626,1.6445315497925863,2.136247677819642,2.205003458789911,2.345063522125964,2.008749901556531
p120,6,1,1,12,14.161120999948597,0.08621596316297409,0.8491089456321271,0.9933468418118876,1.2600123456228185,1.4036482462912436,1.9975300588669418,1.4841202273367404,1.504824740594768,1.567481838799317
p121,2,1,1,13,14.288962898651555,0.7006113921689262,1.0985911188494577,0.7603090334900362,0.8982310710405632,1.5543956563992802,1.9805465956435446,2.012196152281489,1.4279498819812702,1.7767667381355343
p122,19,1,0,12,14.996590497045698,1.7034497711879746,2.3800883080729633,1.4069678528797196,1.3852691027817468,2.8222020387636126,3.2193071283915424,2.5143864170229566,2.6529692096700663,3.073886616860731
p123,15,0,0,12,14.987540374629983,2.0717741505436353,1.1246312223542554,2.0100799007761276,1.5782058571769306,1.6892576031668964,1.7284274744801198,1.6396779204289929,1.891201387859116,1.5262855738959222
p124,2,1,1,12,13.890469418426328,1.6457455999875101,1.519369501425214,1.1838009658613664,1.7248806920650255,1.1852486993117155,1.3998920665922743,2.630843409196363,1.918842108427703,1.7808748048299852
p125,9,1,0,12,14.15913069417299,1.9676616396532605,2.331042250799912,1.5613580625465344,1.6496908410825595,1.8946621243789656,1.8137895816082046,1.8683652333141496,1.9931365887888544,1.9330549414474723
p126,2,1,1,12,14.240288208388781,1.8938696089908298,1.9464913439595868,2.048998516702654,1.8828785908699166,2.6798293330475427,2.5268532054164403,2.835810995186078,2.6517032765877797,2.720402515997476
p127,26,1,0,13,15.107151279147013,1.8426328382898711,1.71518281225402,1.8605536622771925,1.9480813940010167,2.5530245351005325,2.4869136455736327,1.8853826055061744,2.3505282565308905,3.1088902361758457
p128,23,0,0,13,15.93957044963692,2.468150450313246,2.306351289893317,2.1785124914200042,2.4114757761932797,2.136846702528167,1.8184656852989336,1.8394955050653323,2.349137188837525,2.2583168391783106
p129,25,0,1,14,15.277965230235566,2.111012583084578,2.6683013053010822,2.6327987055618216,2.9404874528478393,2.0870107597327667,2.8640393824366543,2.4136685214232605,2.716133652145646,2.556292142330056
p130,14,1,0,14,15.705082371887954,2.6538582309878507,2.931702168010417,2.4107385445760716,2.9545693295695292,3.006155625529814,3.467747191840314,3.497840995929738,3.2294977897424637,3.1332236353143452
p131,4,1,0,13,15.492857309641217,2.4141658234165524,2.338018009234065,1.8672541789674701,2.7391740284287502,2.0664073696865968,2.918122062359165,2.6818793731936093,2.9549653068533215,3.745772363658732
p132,29,0,0,13,14.729359775150218,1.5581044424257933,2.41384038954742,1.8222414108524094,2.228487162591451,2.1835891069498015,2.3902042573335742,2.396087569227895,2.654431402231399,2.5847848801268585
p133,26,1,1,15,16.722176325884032,3.698138716546146,4.0522344864325754,4.008410865054424,3.8189494452380157,4.105767716197129,4.190215910790709,4.165522509961665,4.066265626104105,3.7934292643132315
p134,8,1,0,14,15.789787952569078,2.3079104168536246,3.4000596602977726,3.4110788556923124,3.423605523825933,2.9900576676302473,3.704505943863033,3.8450781385203285,4.045126154198649,4.025048035891073
p135,5,1,1,14,15.78711236194549,2.606284195204263,3.202041963905001,4.368426284514597,3.120593052892815,2.713475077340207,3.676316670430384,3.076555323148662,3.152239396900058,3.874854350391392
p136,2,1,0,13,14.861685529825982,1.707505389149214,1.871927154469712,2.5790404470577797,2.4884267504889985,2.493625583303498,2.336207011971272,2.7570773703545637,2.8605747129997026,2.754832557713599
p137,18,0,0,12,14.52481150583728,0.521886278994843,1.5547445200572838,0.6625780770033105,0.9422344301255442,1.8388278931625879,1.0630132281507267,0.8492011886785362,1.4306517735363034,1.657697946386592
p138,16,0,1,12,14.72698588447526,1.3137686527018357,0.8680475723907536,1.283888018738222,0.8166313277882069,1.4853484059502038,1.9892334485915053,1.3089962135638333,1.8956199433599763,0.33327824133213535
p139,7,1,1,14,15.490469030244055,2.6360326646079075,3.2821648622157276,3.0780645276860046,3.0559458499456795,2.4270650183875717,3.2473159542759342,3.2284287338631916,3.607365850514323,3.695085395647855
p140,13,0,1,14,15.409886108980784,2.2921244875635542,2.5954399575132894,2.3451065575246846,2.5814550569139896,2.178100475617715,2.9693187960052647,2.618064963389941,3.072296483611482,2.064717888145962
p141,30,0,1,13,14.677029817976115,2.490699771559883,1.7096113964843862,1.855726396536192,1.5992729234222445,2.0178354469937076,2.1708963908842867,1.6809612083075238,1.5267982758674947,1.50893105940487
p142,6,1,1,13,15.120062715149645,1.557862469616017,2.161855359041522,2.557832062041594,2.3416362935136865,1.2583575096777904,2.165743456998329,2.06061906357277,2.4046202980391422,2.4772860290670775
p143,7,1,1,14,15.647298407250059,2.368860898014646,3.135075912684296,3.013698005595853,2.8440988680699304,2.6914663481711645,3.7025665769518534,2.4924056577442464,3.044367931379895,2.3159112092033727
p144,18,0,0,13,15.632168363738915,2.185260994205212,2.898151198423268,3.0415219069688724,3.51165006826601,2.777995055522919,2.572407650042713,2.7713956048454835,3.0475337011803436,3.063269867164998
p145,22,0,0,13,14.582022826484774,2.1896806137421883,1.7923982460228403,1.9801485945242612,2.684828407390068,2.508620466200679,2.4440750110884513,1.6756373430851017,1.778507547283605,2.0642108999030633
p146,28,0,1,13,15.132177032207446,2.2871319574951925,1.6911236777243328,1.4998495235934188,2.797082845755836,2.263003500064254,1.898461764194557,2.4712619588486437,1.9616015331428498,2.301821413419603
p147,7,1,1,13,14.878848106975259,2.922396261833474,2.5092822808575703,1.6792725434926725,1.8704375194455727,1.3376850444083455,2.6131115350014524,2.6126971112315402,1.6248144202667123,2.0490755440074127
p148,16,0,1,12,14.063955598757328,2.0578372690023468,0.9108713966638362,1.0150908420249176,1.2413671510518198,1.67098416459331,1.2137073634298507,1.3225244448355364,1.1948421856032692,2.119280545556799
p149,21,0,1,12,14.711696744946202,1.7453289300656558,1.1046079858581792,1.8083929695446017,2.032969909299578,1.4023101283096857,1.8918752339042344,1.0856261089630974,1.5181421896696783,0.7551020676211095
p150,10,0,0,11,14.11424913669665,0.23290144304266314,0.3368384821801123,1.7291445775119965,2.0308727443392773,1.2713398068384711,0.8949986926246607,1.3369336219199073,1.3168625571042507,1.2659515209057706
p151,4,1,0,12,14.632354805019684,1.5880534246959241,1.1690890619676342,1.7128029775684877,2.02427856996589,1.3219074024557453,1.5867706371719454,1.6691536138454621,1.9688760696329024,1.6012523794109845
p152,27,0,0,13,14.41998482020443,3.011926031749772,2.3851541099595543,1.0748333486010615,1.6375647012539476,1.7791426090569538,1.3497430474836105,0.9787926337690542,1.6158443697131832,1.880366513466934
p153,30,1,0,15,16.901076280106174,3.1542061402226134,3.856034875160868,3.2868010877879046,4.168959489905737,4.215793925726032,4.141173712548768,4.190962497277424,3.9855886413313755,4.086869673371238
p154,22,0,1,13,14.990575768336884,2.6638617899626245,2.139312253098502,1.8572506320373263,1.5541985024491884,1.8289312788962429,2.578925278942173,2.35035413519943,1.9100995648239412,1.9888321293311015
p155,2,1,0,14,16.26328162377949,2.5930568359720394,3.8098453587649486,3.363791392247056,3.1222702992800424,3.196438768633339,4.13359721014081,3.759294277076494,3.654468187730501,3.7506787761178275
p156,21,0,0,13,15.092076508805647,2.3519301538215185,1.9474788732453487,1.4878952408002653,1.9616736231195044,2.097130945386513,1.9359655306105403,1.9462925485779206,1.7204468243085098,2.19071196120086
p157,13,0,1,13,15.442295641993956,3.0968403783601506,2.38214150725954,1.820656228117779,2.276870585791439,2.996694980035314,2.6574482520278275,2.389730647836047,2.155066557005899,2.5564101355846356
p158,29,0,1,13,15.317300784938945,2.200188336652945,2.3629698172084272,2.594185980159902,1.667384294924173,1.8707384127306041,2.3357528439505906,2.367186667401866,1.8998382331909924,2.5240257685799437
p159,29,1,0,14,16.04690610358289,3.1918913545580554,3.1940868945865284,3.282522899380082,3.069334505046589,2.7944177199805513,3.650888403925516,3.919799525948968,4.077221839207137,3.7896388295575947
p160,28,1,1,14,15.722351805213062,2.8418991049865294,3.1727161867054487,3.136988580689971,3.1204389492053064,3.2886596894862765,3.5995704713733803,3.496233810320098,3.119255507852214,4.3071600762203754
p161,9,1,1,14,16.064041457182167,2.2115692070545423,2.2323396348994744,2.529783962211622,3.092344997262888,2.4964966962040003,3.455507277018793,2.9821438657107406,3.146273358686697,2.78100886865263
p162,24,0,1,11,13.655391004762109,1.187326647273881,1.5470027491154958,0.9444231330565531,1.5244079667934218,0.8369588118030452,0.76867740880574,0.674565670869564,0.5288934478649191,0.7053204218476852
p163,18,0,1,14,15.786666051012357,2.6167395131831626,2.707821755459862,2.538635285297528,2.405183970554996,2.1579528726810864,2.51544634677807,2.5949941767838327,2.436018061261082,3.2668757939483744
p164,17,0,0,12,14.537985205448162,2.0304437660187338,1.9762618255931734,1.8037287462376075,1.6322074379510465,2.164664511794801,2.1164140685841573,2.026515967090743,2.3097459881447016,1.9369055225787735
p165,2,1,1,15,17.387780900864072,3.588834443248677,3.6632502955694175,3.31014266028933,3.512282897759394,4.175150075881993,4.236478248709449,3.774008683848849,3.9387246614201104,4.227087665742908
p166,15,0,1,11,14.073358918314355,1.2651968653491843,0.6259321934800042,-0.2890259106114531,1.8704840388905772,1.0140148734679424,1.0598150402216246,1.058388368612887,0.9035980233723617,0.8460839625275473
p167,26,0,0,11,14.187936189242787,0.8701724905208819,1.5666971714044569,0.9120539100902683,1.1818605850220387,1.3598983073639808,1.8561553105930584,1.4166470694547733,1.1964699017925153,1.2261754045512234
p168,6,1,1,12,14.863125539457704,3.2959488173016283,2.086217940113025,2.1171619060263307,2.6984595360422436,2.458464722412181,2.766164378807536,2.7911551498644487,2.9219058291262794,2.7236840846455634
p169,29,0,0,12,14.522570620190688,1.4356394617490418,2.5785011233744717,1.989857661293324,1.513617718073883,1.9359295196623596,1.888331062611577,1.74559842677297,2.0744076472216273,1.5784105214470805
p170,24,0,1,12,14.941355571547463,1.7693321330646903,2.2122280608410794,2.4429679963645654,2.398785693287001,2.226271008093827,1.970371669974403,1.8283572319638741,1.5664256763798745,2.0046173126168956
p171,3,1,0,13,15.286603343306577,2.2801578436421965,2.791592644963467,1.4872667642876298,2.320385270356359,2.912580713575647,2.6358637928547273,2.718292005446333,2.5434286353493207,2.572259895191508
p172,11,0,0,13,14.767711586228714,2.438648032053038,2.0589784504019515,1.8133977359417452,1.2682166839736753,1.0484404146919648,1.8385407229949084,2.3213082117442574,1.9340607509584897,2.05498105234873
p173,13,1,1,12,15.021155210125931,1.9997820768979166,2.280558066214075,2.39623189590971,1.8028765287045219,1.9627332287158112,2.6782058567541647,2.6483096414935847,2.4118573567700046,2.5690769295988494
p174,30,0,1,12,14.904836580253185,1.6123766910557003,0.7963440385168451,1.2039089886946246,1.2370766032810416,1.4712535935158195,1.8229229760474577,1.8561316438401407,1.7607599416904205,1.4219613456437643
p175,25,0,1,14,15.733389267291365,2.9091137859976195,3.254909934082496,2.8121372379714176,3.020613254330106,3.665216991785044,2.7530914114436067,2.9146061238812564,2.655459826560367,3.1589654636848694
p176,1,1,1,13,14.921765796092897,1.6665102273840682,1.9065824283004262,2.6706606901247394,1.873658567033801,2.2269680941301195,2.603836760254287,2.7808896593779546,2.2115712604702353,2.675791086235168
p177,23,1,0,13,15.009391223882403,2.3710652116062856,2.5028695815249984,2.074206174916107,2.082931552446498,2.226298098767303,2.7650541651770673,2.195120314833882,2.7121906891759133,2.5771906551322985
p178,8,1,0,12,14.611572354879156,1.3924436850959643,1.4158832874308316,1.5424960570273472,1.3630914627241866,1.826857342434799,2.2438198713410156,2.1400509334255617,1.9681768398374988,2.2601398692530443
p179,4,1,1,14,15.4885811235281,2.482264765550589,2.636243183038483,1.6987596727432446,1.6122314557819775,1.763514073303224,2.7951477858245575,2.5555352103977675,2.632534956723006,3.039837257060381
p180,6,1,1,13,15.006482550695566,2.738576156090415,2.2905423814230192,2.4151481338401712,2.6001245001928854,2.2335719951784667,2.3820596666307257,2.756858826119001,2.8184466349439954,2.1845778901118718
p181,1,1,1,13,15.080461035843909,3.4461635486533653,2.440461678952977,2.7912921371785644,2.591716212845706,2.9051444021510138,3.3607015696138918,2.6069712471152062,2.5851104102814655,2.5458771763030192
p182,28,0,0,13,14.396985736830032,1.3322908086423606,1.8441659650331974,1.3980714807622145,1.8034418139572987,2.239199721387172,1.9551250584481938,1.9053508288096492,2.2089420949064533,1.738699714977771
p183,29,0,0,14,15.163649271596796,2.241091191905366,2.477122378179552,1.82783437855691,1.2831044814087873,2.5755898397543144,2.2914024312822026,2.2419550120810467,2.2205830081019933,1.9377393800619753
p184,2,1,0,13,14.079229269581804,1.8160467768567026,2.2499766515063775,2.3784662496999256,2.228738389130159,2.506161742555817,2.5629093666601572,3.2103712287199393,2.4078652111463326,2.0263080232256927
p185,18,0,1,12,15.449520305988981,2.5299183939303473,2.308110790098973,2.531245401002168,2.5843838682202276,2.32046291907923,2.5516063734877332,2.4641512521134423,2.704503868608943,3.0205137048065582
p186,20,0,1,13,15.0779140418367,2.8009848699210513,2.193714678365143,2.8714641000331307,2.7210065020287444,3.045760132360293,2.4793032397324533,2.3190843375307217,2.1192950587518613,2.176426973283244
p187,16,0,1,13,15.11335234807299,1.749501184186975,1.7538178636307715,1.827448008989054,0.6633005799979013,1.9348313904181553,1.7563590592339975,2.1103441986558744,1.881162472289994,0.9560927811630606
p188,24,0,0,13,15.364100267139602,1.2737499992224146,2.570778282971252,2.4280388990497412,3.0093342204616484,2.8906444688068547,2.609690571398035,1.9076560215045966,2.560449950511601,2.3533596155800574
p189,23,1,1,13,15.278033253451511,2.2047180728463927,2.9698213754782294,3.381134949855671,2.525199962786318,1.7345013678968175,2.1965405023381064,3.053532936190494,2.850146690414888,2.6996762484301993
p190,13,0,0,12,15.448745934998003,1.2897841675909423,2.0172215671474025,2.400249778397656,2.02432907513845,1.9240945248267174,1.948963466249473,2.104261315157161,1.727098948712894,2.0614090282190305
p191,8,1,0,13,15.00130053816551,2.9527372611499247,2.399668945789707,2.4301377464363547,2.776229225208468,2.735479188725907,3.222762229967309,3.3051507833329565,3.4307552874798515,2.886351836873506
p192,20,1,1,15,16.372055954208662,3.184716731029324,3.5594300067322893,3.736699183177748,2.852188158275023,3.3314310380586587,3.61778091178835,3.340008185579027,4.151619102777146,4.4596951524610065
p193,24,0,0,13,15.062177906461391,2.898966154030363,2.6290888352269763,3.1612469154692806,3.2323909082298234,2.805935201281169,2.4851338395423186,2.279286626510718,2.227632015464787,2.2604608253107843
p194,20,0,0,12,14.973054940289359,1.5774797538529493,1.212186722128381,1.2687924999755225,1.79194360253718,2.941256693491096,1.514758862228073,2.286258471294703,1.4714495938809908,1.758423740746025
p195,12,0,0,12,14.220161561665531,0.5617982241779305,1.624906662227349,1.2167468132122266,0.6309881068793701,1.555260287158661,1.1902811295935951,1.1649249928016658,1.4259479669672839,1.459913322321202
p196,2,1,0,14,16.202643547930037,3.2069340364413383,3.6213868461295995,3.421791877538781,3.232606120806474,3.248087138687772,3.9965112635951656,3.887691183170869,3.761417833435283,3.7396135223263274
p197,3,1,1,14,16.334772800952223,3.5155475982541358,3.3314668876296087,2.74022378916645,3.114184464092116,3.083893249755943,3.4865554005119397,3.126645321952427,3.4265078333138197,3.496036731063711
p198,2,1,1,14,15.708323627729797,2.777349245628402,2.3026528972819977,2.8750992037417524,2.9855074615291737,3.025945292680839,2.989899070138465,2.9510178757762846,3.253028684448739,3.08829208297705
p199,4,1,0,13,14.92622373229891,1.2717062321151273,1.7498746719480751,1.7194629628941547,1.6604041289910776,2.0491994525974695,2.150726772707436,2.805146471355741,1.8880831793813773,2.488019070888574
p200,26,1,0,13,15.921103757305112,2.01224723713152,2.908566888928586,2.552444217004546,2.5468844658318295,3.3540695621217287,3.3334286137683375,2.816533393883714,3.303213286354463,3.320156550577575
p201,10,1,0,14,15.581950747382566,3.3106662254707397,3.022184681577616,2.7030634229552097,3.456108563391845,4.133079935685866,4.197715607032875,4.32814777559866,3.6674891522265862,3.8547194511772784
p202,8,1,1,14,15.53127060230177,2.2847246363541807,2.8319506250619515,2.3481451406831253,3.100146149114809,2.7810232378281223,2.840860170061518,2.1555762397961242,2.6847902410348836,2.265337712729479
p203,4,1,0,14,16.044528904371795,2.7146642297369876,2.4173138988051024,2.3114178482516023,3.0003551619596216,2.7171668211840827,3.0757966448767484,3.237957806626512,3.0528482508849,3.2871070068588693
p204,17,0,0,12,14.59465232563713,1.1604215904341324,2.8111369765292613,0.9528891165970174,2.03105312102681,1.979826538817599,1.7524536157319262,1.4984489813673965,2.1626241042401992,1.5784800601411297
p205,19,0,1,12,14.373121039986817,2.0987241864817783,0.9487931598702801,1.7038773571404862,1.3327664111302635,0.7942775960410747,1.2563726330281324,1.73021782325223,1.420153806407737,1.1863819747331044
p206,28,1,0,15,16.426612960512735,2.1792927414068526,3.056402161744339,3.7717464322878143,2.5489925897894077,3.440634278788408,3.2544287164710073,3.264509111196453,3.2089526799921986,3.390389971684644
p207,6,1,0,14,15.855741152883708,1.909564800836486,1.6897735174737742,2.34596356197631,2.6871630745940207,1.964345222180385,3.1334111591268554,2.699620305294004,2.976557576021338,2.511575076786842
p208,14,1,0,13,14.97510642339429,1.9662016499484583,1.6728736616992215,2.5838494546901565,2.9428979065223673,2.4029402854112027,2.460133187629893,2.8378716611789687,2.6600545734081527,2.6901211912487693
p209,21,0,1,13,14.811425300242087,1.4836298781598642,1.6156115041580423,2.275383861388702,2.0042889495443927,1.3728949954849143,1.509157728338402,2.246255102925563,2.29924471322891,2.148347101240915
p210,18,0,0,14,15.72336909344016,2.0273253560998756,2.4744128424017817,2.8323424315654364,2.4569433908125515,2.4977219462001177,2.8634796298077023,1.9691595705186256,2.437300387685814,1.9244974306847922
p211,13,0,1,13,15.188045433557182,2.1518871215669595,1.7807799595308804,1.5668868283208415,1.5493245182112494,2.2294612170746713,2.2108436906083924,1.875432550611824,1.7049675906729849,1.8126836399744128
p212,29,0,1,12,14.985605806133675,1.8519180090495517,2.4663546453554996,1.9714899459179247,2.0280955567472887,2.0286141960349546,2.413349351689258,2.0212505354922774,1.9964652425846472,2.1645394151188198
p213,2,1,0,15,16.730985165966565,2.990211475756891,4.083772713789111,3.812489090148167,4.450697760244977,3.387869521363021,4.188905264067803,4.738838844882539,5.130816996649824,4.706230792627053
p214,7,1,0,13,14.908059269328172,1.9327590671020392,2.5051974155424346,2.2578985351058396,1.6365137327933987,2.9417201111934626,2.7946942368244008,2.9717710280651177,2.6406749530093747,2.4040237046663524
p215,30,0,1,12,14.04945670799828,1.4189987127857606,1.3923636850148244,1.5998156225455815,1.8093851549563997,2.1595973195981335,1.972129823092438,1.5610945092707973,1.6914141946560763,1.9547961881068772
p216,22,0,1,12,13.682378278361655,0.6406329535083702,0.9533337823220648,0.8230209035163162,0.534745002150622,1.1404704729376693,0.8984413965420103,1.4208131684901344,1.1915645463238194,0.7532702430782732
p217,23,0,1,14,16.190313734408786,2.182814673479403,2.2677857742959855,2.3247198508377958,2.873275052483821,2.031837001671717,2.5560864702289035,2.679674227427629,2.4496357290847697,3.043332004208178
p218,12,0,0,11,14.34595791684781,0.844254809711077,1.8715202561690356,1.753515532359995,2.5643901397557203,1.8578583633059476,1.6640856268784243,1.5927382676899509,1.5073350777105199,1.4902312610909143
p219,8,1,1,13,15.371566263842354,2.14237288509837,2.7385011530090146,2.80654098472358,2.3420849576448965,2.319725184270979,2.7856212358736503,2.664961296410058,2.495145638082037,2.6433646999712814
p220,8,1,1,14,15.3882478055746,2.509521966679956,2.9656907239811567,2.319145846508854,2.5872787884749435,2.837494293477164,2.6241998683753502,3.3155450569880265,3.566819928519771,3.027015554363447
p221,15,1,1,14,16.24438594723416,2.6920808067081707,3.524676810627208,2.435810540330453,3.0682687000446887,3.1360973722718875,4.05225144137635,3.954595538929053,3.962780246290848,3.6781122419833796
p222,19,0,1,13,15.522392878675186,2.0990036600052835,2.061270573933854,2.5123873690198377,2.605091045041583,1.9062175688904843,2.466237907460281,1.9536909197413763,2.8872741496342895,2.27893221616
p223,12,0,0,12,14.070068221789466,0.4571391125773355,1.6279502561990558,1.1676681752990747,1.1971377192678778,2.0179447680621228,1.3966946483718743,1.4944861807123717,1.4177522276758259,1.5150411544291507
p224,26,1,1,14,15.623075650461468,2.151875804243108,2.284451149080727,2.221970753512024,1.9786792138666123,2.3934117555131045,2.6473415365266497,2.5583102189674864,2.824238379629136,2.683461677922892
p225,26,0,0,12,13.861516302131202,1.2437744251003193,1.4919895580017644,1.3656964089974437,1.5213761985783887,0.7430125400949734,1.650760550160857,1.654677987990816,1.5035795729034038,1.753482317690966
p226,28,1,1,14,16.610791038179052,2.632226491446311,2.6973636907649285,3.271564285665131,2.4738406584894883,2.8722211610376847,3.1963759108973444,3.361386213164756,3.4248945345116946,3.319715483318352
p227,1,1,1,15,16.297688607231176,2.1615734748605764,2.907451747666708,2.6846710234922413,2.7834445935165295,2.442245147889091,2.8539642768587186,3.020087588311475,3.4077752774779007,3.5297973035179564
p228,22,1,0,13,14.811150421933995,1.6016065021811456,1.8761541033955869,2.3966981986681226,2.492175900402777,1.6087065634816193,2.4411442617675694,2.4813084962952887,2.704043941411077,2.557342040353267
p229,27,0,1,14,15.540047443705346,2.377510509783831,2.413432738474538,2.5013230489142653,2.6009309689277957,2.177457013646698,2.45056382825162,2.5396411515099215,3.0417432317252397,2.610003010580748
p230,21,0,0,13,14.758874878813801,1.6872418263869682,1.9449214851449863,1.8518617413393657,1.7167068310012983,1.9850358407960305,2.145810107553498,1.8804578742814104,1.6675321050923406,2.1318863889347996
p231,14,0,0,12,13.938421737250193,1.6160709069930381,1.12374119104525,1.362941570476989,2.076205629239676,2.1088530362784175,1.6839133541605997,2.0720158148290455,1.5118620248838686,1.8255682753456242
p232,2,1,0,13,14.626082647808797,1.9616068629949095,2.4429830540292263,2.117353132401922,1.8334609549944831,2.2714765475188803,2.9940211033048123,2.2350856187091437,2.368968397249632,2.462776341541227
p233,17,1,1,12,14.691326052927137,1.1391168828594707,2.756877875637456,2.3723491075733554,2.559781197341023,2.462457427904285,3.3313497579781832,2.9640185977896345,2.8418772352048847,2.3356981373970003
p234,9,1,0,12,14.671073962764451,1.3969662410102965,1.6186920338822486,2.0076537783319934,1.8972238477443368,2.6287893035715215,2.7320057876264072,2.0014411697712338,2.515106264761529,2.640678879223669
p235,7,1,1,13,15.415236355734203,1.125774063279158,2.0411245998172913,2.109315259833022,2.0540494009666745,1.4633406668136968,2.017606576960745,2.3829753827635844,2.227180135321463,2.8456972294290437
p236,3,1,0,13,15.42147582613398,1.865361883661698,1.9601534668836236,2.5293926561550597,2.8452369722701714,2.763184470186835,3.0811149350793468,3.4470521963959375,3.1721909831710544,3.5206662560698603
p237,29,1,1,13,15.682068946421804,1.7925708612500337,2.236268657149088,2.6449215049688855,2.053629835931351,1.8659163562450247,2.8029132535837844,3.0845418823946544,2.856580956930015,2.6333565864886435
p238,13,1,0,13,14.623238513160645,1.9113326918744404,2.410937825153535,2.582379592106727,2.3437335854469525,1.3333319242666535,2.675647327384072,2.911295861126758,1.8579577800572191,2.6507862647832594
p239,13,1,1,15,15.795862045764316,2.029074722948745,3.114151948235504,2.931406701937232,3.2466464066228427,2.533022842388255,3.0413707150314986,3.6453793585079586,3.083638528520355,2.7897081429455843
p240,13,0,0,13,15.592566337513036,2.8086387975903455,2.9132498285160366,2.3840977991242873,1.4203009399947786,1.9251486193051244,1.9748094961846898,2.5770426326069344,2.51402356385936,2.1857967959912186
p241,22,1,0,14,15.597630937626779,2.386124197237766,3.4423075686735274,2.7230105790418997,3.3085015281052694,3.4098132925001288,3.8084274012982045,4.120054435249729,4.347003613431834,3.1479787144648372
p242,12,0,1,12,14.770453779881546,2.3217190933941243,1.8246435467250137,1.7986808545838668,1.4709672087815888,1.5610242023624286,1.514758294035727,1.3097053307476954,1.7480105684247615,2.094947214513847
p243,7,1,0,14,15.593550835531762,0.9721633827544098,2.486220856467601,2.700396362585672,2.7757316782300565,2.992621200580725,3.2044558333665463,2.733527002612544,2.648942256624417,3.470451250759566
p244,20,0,0,13,16.16185626693702,2.933751682754045,2.531106900162811,2.067589468049141,2.2059229607573507,2.8875564154522073,2.746896938915809,2.6200935562678342,2.2982362024530767,2.8417976278324586
p245,3,1,0,12,15.236417648096108,1.2895827948516407,1.6336533942362854,1.5905441021567683,1.4001727702296283,1.9150208727264146,2.1079638954178477,2.086710315479995,1.8767682172913194,2.0213704589181893
p246,8,1,1,12,13.993784807334967,1.655305399720195,0.9453974772252197,1.3024850901716412,1.543339067674063,1.944333955146812,1.9867444028849466,1.606314854750405,2.118401042932607,2.3904201771312548
p247,17,0,0,14,15.71589470521418,2.9835372741034316,2.983183910521657,3.2447629419167274,2.595543452493107,2.036669875085405,2.711540254913588,3.0108304127066883,2.858439278325237,2.4689067788254024
p248,26,0,1,13,14.934646983065921,2.26498848092548,1.7759083422532138,2.3117902290802235,2.495562577653296,2.4829989003858026,2.1293523124193268,1.9139452821714107,2.4704584671050838,2.232611320327262
p249,9,1,1,13,15.18448448304261,2.204738447354671,2.1964730025326338,2.4801644463598036,2.03373332063089,1.9662606845502335,2.099853795495018,2.4182082746244116,2.5277370554472536,2.0242439629827955
p250,20,1,1,14,15.661139458840216,2.555869171078843,3.1046062135147507,2.6674090711795486,3.220004957805728,2.8049366797930557,3.3104077190181855,2.9843593314294057,3.134738762448115,3.8628548699493925
p251,2,1,1,13,15.238767469053904,2.7141060282771674,2.0062228144657337,1.9657769323423135,2.410012776674666,2.488819640024956,2.4214354100879825,3.045985876581526,2.4599932163265255,2.2403851770363614
p252,23,1,0,14,15.76571631514259,3.2645016760277104,3.2881351177917453,2.9661230958066365,3.124241148162393,3.576627158712222,3.7689832149516334,3.645353170795563,3.5471266856010453,3.756142363359761
p253,16,0,0,12,13.69787191158772,1.179204506482106,0.8980526857493158,1.176475298152018,1.0791108816360364,0.7716129678521108,0.9407621249089644,1.1637648097604116,0.5614374440824681,0.6822373930527202
p254,26,0,0,13,15.387357045565855,2.8360528123993953,2.3613930671032297,2.6630915548197764,2.5828518899106574,2.509519808832537,3.113373083366685,2.9196201795090677,2.800012139972745,2.8264873500628593
p255,14,0,0,12,14.166004551466346,2.4292776664853606,1.0932465338684954,1.756641273507579,1.4542197453906938,2.1400279902176513,1.426767534564519,1.4270065199267814,1.7557921462077122,1.9258326624148965
p256,7,1,1,13,15.01521846558249,2.307997933209231,2.0413194081454504,1.8205938028779232,1.2686806693845158,1.8345541539612442,2.294414740019848,2.4478013877399385,2.205374330529257,2.464125239833382
p257,14,0,1,13,15.401379049332299,3.003030136636667,1.8436210253941394,2.0393677059423765,2.365520142807256,2.00608111251633,2.6216911772859675,2.6588117854938607,2.517190554520995,2.6976203860911934
p258,24,0,0,13,14.958031202178525,2.3646444997448612,1.9698057723716353,3.0114451830683597,1.8736953436413915,2.6142125579996796,1.8793652315115836,1.7753544670873151,1.665124559687729,2.2465004807504623
p259,11,0,1,12,14.896188677232555,0.8395489011153279,2.1458686010195485,1.8195258512014933,1.3459072262835192,1.6486507830059614,2.328478624468719,1.5985195543497845,1.8286066224483497,1.9398052537085808
p260,26,0,1,13,14.967081726423347,3.079349233081361,2.418613747804107,1.6641265405637848,2.1063466015813592,2.0749537382008914,2.5007083364277327,2.112121038525175,2.1584629272397455,1.854301868640592
p261,22,0,0,14,15.622979454363115,1.339438726806189,2.417828875936027,2.3111262080931896,2.533393742251248,2.26389882949551,2.53789447491402,2.2784668975091686,1.740558487608694,2.93168878753418
p262,7,1,0,14,15.857874721668985,2.8640774355574883,2.940354015054292,2.0009755900915347,2.682951913919173,2.7412033373835722,2.733940711706135,3.293466496884513,3.153108676077431,2.9421873404280157
p263,17,1,1,13,15.381304906808872,2.2062173640833587,1.4674293687759055,1.7966823177857785,2.2031204496982753,1.8485965389519088,2.4489081571543583,2.649055038761274,2.6692491795254103,2.574211458655691
p264,8,1,1,15,16.684499542240477,2.0432190792002247,2.538520304098906,3.1461948488017972,3.334790788437349,2.5727609893607077,3.5167985308145706,3.461101719340818,3.8800744257943047,3.7714490180773783
p265,18,1,1,14,15.634132090685014,1.9772643138147967,2.464811409543108,2.3025110020988317,2.5169179340872083,2.705411952188692,3.4378931317086545,3.3680315490197805,3.7178449344548645,3.6754476868940227
p266,23,1,1,14,15.674974537895736,2.823683867350475,3.277342636070342,2.3420929842066,2.831078319765228,3.0629946655397076,3.4567967033878726,2.9520694705145476,3.8569406698746977,3.259107248822311
p267,18,0,1,13,15.557682836757692,2.966615114199835,3.125295567047647,2.2640307241608926,1.7124647651136329,1.9733611167740253,2.4481751811745025,2.716640268145762,2.821863276299809,2.289987894767761
p268,25,0,1,12,13.986537313804716,2.0963205364347397,1.5661631413093386,1.7074156110987349,1.8066726749007223,1.8370175239358504,1.601849091737463,1.5553851318641307,1.5180892741313645,1.8404330692706619
p269,9,1,1,12,14.795549472504836,1.1421398308624937,2.0150861645206017,1.7705128404699408,2.1044307668462916,2.3833940046529283,2.3416428845107995,3.0915279015121757,1.99397537084032,2.4805650892503572
p270,9,1,1,13,14.97151554823285,2.2210069859207553,1.9622858807731816,2.499252500548389,2.153498548893831,2.7450048631699575,2.8542222042934773,3.025999578995483,3.1174476618867133,3.081332875235657
p271,3,1,1,13,15.204071960434714,0.7691802944617265,2.3359212267622005,2.121763663211335,2.691693131081552,2.009723703046366,2.7604894578774353,2.616634080375097,3.0047577227565765,3.04261139627034
p272,21,0,0,14,15.480453563545522,1.9136802969707745,2.0983224774428293,2.4342660117630532,2.3908880978990483,1.8513052901304228,1.8639901866434818,1.806315982746587,2.2404809011388496,2.1239546712620165
p273,20,1,0,15,16.404438930393457,2.90259116938779,3.24616864033804,2.6349491978332975,3.130122491260489,3.2979938350729623,3.2907651735964434,3.2518922241453505,3.5894829919904843,4.001794082395701
p274,22,0,1,13,14.726794138775434,1.534012804400841,1.9835766138146107,1.8424290867023312,2.385764341409901,2.371244760683251,2.476782041112542,2.4603686682600983,2.9032320213133134,2.062932391238356
p275,4,1,1,14,15.839965629738098,2.489327971092267,2.5906044396270276,2.7055847660741805,2.464919368007343,3.0065426067355494,2.973863423828699,3.42885431784664,3.17331057808148,3.7667829258582213
p276,23,1,0,14,15.357144868855091,2.4009521834586174,2.373276792041725,2.7145194418167864,2.8056390150783943,2.735999093896129,2.9271556005749693,2.5235390650310165,3.46189253979104,2.631236198519645
p277,17,1,1,14,15.75968592642099,2.784798443176145,3.215140711146811,4.051543495714909,3.593220593400818,3.0045417899425275,3.3910850626266122,3.6295148887706157,3.7811185028204606,3.8384482450227484
p278,11,1,0,14,16.325544085522782,2.7519077427483936,2.9163992713547673,3.2727511661319504,3.334706740784984,3.64042963034423,3.9570937739492007,3.5571384148017233,3.4077882915805695,3.905830703523137
p279,19,1,0,12,14.329773982406643,1.0929708123030488,1.5843940077025165,1.4188571508949934,1.8277371357598904,1.5246697321364913,2.919338910473534,2.6542544956662413,2.633774967187414,2.777697686230461
p280,29,0,0,13,14.529856160486787,1.7138620493588663,1.6614632120884711,1.7070236286096971,2.042970874511208,1.539376540978677,1.745687140225925,1.7529386584430846,2.02578766838597,1.5907442007425194
p281,11,1,0,15,16.030722462374584,3.0843195608374514,3.3649776726184166,3.405488725003809,3.4817481388256053,3.099160851018453,2.9732336105180828,3.589895092270074,2.8629772610989193,3.374596659216304
p282,11,0,0,14,16.03948579257604,2.8583691282515593,2.6743729138306653,1.9956525471944306,2.696338324300528,2.478335020797793,2.18875156185066,2.8960068764440043,3.2371299626241123,2.522677787972173
p283,9,1,1,12,14.510933343208931,2.4312608582105297,2.4483186562780355,1.77340926710029,2.5355805402960705,1.406580362926284,2.6155270112734743,2.62677975971012,2.581181570743391,2.152190180372704
p284,12,1,1,12,14.21442659488418,0.7681808228861142,1.3052503379259006,1.645326131529082,1.3576342415517044,2.2699182587994637,2.163543915689539,2.1890471791447723,1.9748219095603297,1.7797703644556533
p285,23,0,1,12,15.100944497110763,1.0688655753277854,1.327862005133321,1.960163044542378,1.5438795884317815,2.131663893897713,2.3135603057907215,1.2802930686795042,1.6977237880433347,1.8232432547284108
p286,27,0,1,13,15.59726437815173,2.1790134331266415,2.445872070443392,2.1559189669001184,1.9778292807858993,2.147947106212835,2.5504798223922625,2.2781552786339465,2.2338313305858017,2.0769689155049695
p287,11,0,1,12,14.207666483732183,1.3830335249199193,1.4701334459971893,3.0445823616001135,2.621895771572842,2.6713535696950688,1.8690977461392773,1.7398495568514176,1.5698673952155506,1.8075704988800152
p288,27,1,0,13,14.765690810565301,2.761399969142831,2.8862251307324565,2.605583620833245,2.580579920248038,3.071907063536583,2.6852680823544985,2.4696604129071655,2.7262381221274996,2.5105341830047614
p289,27,1,1,13,15.009883019155103,2.0368130601710632,2.1700858456051,2.8770935694017954,2.638692258619436,2.552804124872111,3.01122517652695,2.943853014034939,2.883976420071936,3.2340245362525732
p290,2,1,1,13,14.76948188827784,1.7754656414120715,2.2442886745258686,2.516249721326095,2.6548362492502884,2.3975128910336005,2.106285190252161,2.970797390234367,3.068935479500416,2.867261328942632
p291,15,0,1,13,14.43073358218663,1.9841566537973248,1.6038148291866643,1.7559721071616685,1.9231362291598968,1.707700668716235,1.9725346903906045,1.7275297119294044,1.5921382824736214,2.1918612668523587
p292,18,0,0,13,15.005359333889642,2.1640606541679315,1.2927256859482468,1.7323133649753453,1.8126635989599467,2.2449297428138655,1.8420940028372605,1.549342870000725,1.5048346236748387,1.1369286271924346
p293,15,1,0,15,16.525585117342363,3.742650198255844,3.444258368416585,3.126584333737031,3.832729731036953,2.800658013793188,4.549956243289386,4.327509088846957,4.13293088571209,4.115096609079472
p294,16,0,1,12,13.892750045775465,1.1463154523689585,2.035389256881567,2.0531101911105556,1.6324738882414789,3.026621447225115,2.1481693761608724,1.7359295105679542,2.2300057258509374,2.125741251844379
p295,15,0,0,12,14.19390468641347,1.6023527545137521,2.3340936513287853,1.9517119218981642,1.526734123802917,1.559546178136446,1.7052751656230183,2.0954008339098102,1.8336889014119317,1.8355781338803119
p296,12,1,1,13,15.828331502556164,2.34009279295913,2.885185721121262,2.538460803416503,2.937134394917342,3.081448655694156,3.2880622744230332,3.52162273950321,3.1850464678190558,3.2681957261754597
p297,11,1,1,13,15.246825663055892,1.8740866583021778,2.4027577621412584,2.5289132170120587,3.1562563541273017,3.0759758955754246,2.9644639339354852,3.529606248033787,2.8983655964360513,2.835667259227403
p298,24,0,0,13,15.436516074023817,1.3489795789808245,2.4582573970055988,2.19113852707275,2.6787495330479953,1.9290816079996846,2.1247168560199876,2.1437198790805634,2.223051270417633,1.8671151311589353
p299,13,1,0,14,15.216538778309799,1.3751788793756698,1.7515267005338673,2.5784453480349803,1.9229287302905946,2.3922125953921074,2.807626187365674,2.5860516704889966,2.6125804214929875,2.4256489232073215
p300,26,0,0,13,15.199365081091777,3.328385582212534,3.202412793021695,2.7246763959628773,2.1876962705222267,2.6927839522052297,2.205982024803559,2.583829269883456,2.652510482739519,2.4061135449498283
p301,16,0,1,12,14.754093824932715,2.6033296414753475,2.061732539138726,2.000017378418985,2.227837113113311,2.2296302512807165,1.3455721112137027,1.5465514175258774,1.7894494168054575,1.8471510402464106
p302,15,0,1,13,14.899316802731004,1.5390375327324148,1.841410304789367,2.2896453120206592,2.26047183463806,1.9388295005702214,1.830003290621124,1.725815921546077,1.9737703030158256,1.3489909911793174
p303,7,1,0,14,15.800043914578366,1.504692791959615,1.049281548719608,1.1325605915745238,1.7400074616851662,2.829516306149535,2.70721769570623,2.6491909126388875,2.747312369881462,2.4498918286043505
p304,28,0,1,13,15.239906829124115,2.2768744481602545,2.52863225255775,3.3857510293132553,2.9813964624425564,2.8056317953524363,2.723365469316429,3.2888950824317686,2.6820278914266984,2.918861230251014
p305,26,0,1,12,14.369369003308124,2.8311405148312745,1.6967541422674322,1.8774132140846762,1.801679333654941,1.651379232842036,1.2591007857790226,1.7599315118940746,1.6301469449286168,1.5700842880810646
p306,9,1,1,13,14.917469166494056,2.135551965507298,1.7155989042003692,3.0863564094090643,2.448298922815863,1.9305819885522337,2.380115979937459,2.73173038501882,2.950845349946857,2.7438163081460942
p307,1,1,0,13,15.019730562217404,1.3733847269498671,2.089241061324365,1.7410566948456339,2.3893509593456876,2.7997004731505686,3.113431459660995,2.6801148154946777,2.5939054632244627,2.741027008520762
p308,28,0,0,12,14.754357520936354,1.7424565312298752,0.8498813059318139,0.7391831886730995,1.1260322442767934,1.4434454608086422,1.882830210035086,1.138892014823707,1.4309559744687366,1.6246663811601976
p309,3,1,1,13,15.132031410827668,2.5598128076636635,2.8992755859139927,2.775615295478237,3.113948099759221,2.6339727688815318,3.0311201889945947,3.237910197422129,3.6332291476521275,3.5420777674790545
p310,14,0,1,12,14.36386121866034,1.6800736733259187,2.4062129744195917,2.134177254014159,2.181866156219668,2.8220687466309187,2.2998781263125956,1.5453614336499775,2.383608212946342,2.0745670903678146
p311,23,0,0,13,15.341604417024483,1.8502735503701973,2.525592653905463,2.238352314014159,1.0077535464595089,2.3008705375485605,1.9830777619737363,2.446475734188784,2.2413309445469203,2.159568223035669
p312,21,1,0,15,16.996210801432788,3.9348243881372293,4.004582444946142,4.528959634625695,3.188924267154363,4.465638359933367,5.163910985911388,4.744253806864945,4.18807545164951,5.0358575135411465
p313,10,1,0,13,15.104267574940517,1.6831854708915235,2.336837359886955,2.343112004578239,2.338261954961213,2.8736737282862235,2.446901169661286,2.7801378538532995,3.1270963158353564,3.084308746811703
p314,27,1,0,15,15.882987839225247,2.883650812897527,2.845048617303025,2.4847379564451466,3.3711782502538874,3.5466017457110812,3.2667575662425885,3.015756702183212,3.55666651690655,3.114193431492885
p315,29,1,1,13,15.385278125189958,2.302347921439179,1.7646262335005956,1.583936049071435,0.9496458045688074,2.603606732963542,2.3846061989506953,2.9427173781960367,2.269756234740029,2.7258171655927184
p316,8,1,1,14,15.283946279756739,1.7320888775376566,1.7546335609573747,1.6784598854485797,2.4413580681999987,2.3684925102418686,2.655090926787547,2.8339772335180307,2.6614223030776025,3.173840528982221
p317,15,0,0,13,14.451545262864215,1.6085523912240367,1.6403686512302167,1.6260560498646581,0.97321406304122,2.2777281970603647,1.3875972266130416,1.7573862653312158,1.913198931670829,1.6778296698577542
p318,4,1,1,14,15.986137647216653,3.023986282823517,4.173472520255112,3.6853501866420944,3.090064920509731,3.975448686624427,4.25507313137105,3.8106352362284546,3.304145787205725,4.5801889877275315
p319,11,0,0,11,13.9372722081541,1.3229001493588841,1.1198055301689132,0.41303299191705595,1.8640796752669095,1.3012470162205803,0.6023688427028189,1.3607915577758536,1.0564445635058117,1.7639996085938239
p320,28,0,1,13,15.707339729061298,2.4396711828001516,2.3524378324548594,2.0885135620458666,2.4879419288310576,2.5213792366896275,3.0241432461566307,2.547819006174454,2.845125553491145,2.5044444994177906
p321,7,1,1,11,14.11545338546782,1.0128412271383505,1.0344405894126436,1.1329283978386901,1.3480807689191352,1.1048385924527977,1.5310650938280403,1.8961936417072023,1.5368081326011804,2.1780980707845523
p322,26,1,0,14,15.818756452346136,2.5554701461107676,3.000033535315273,3.2917455906600757,2.678736382710401,2.715404784217018,2.8584035916063186,2.94311644377452,2.9438284206672676,3.6953547428967606
p323,21,1,0,14,15.120414960735143,1.9340496393045101,1.6633472647862861,1.5678201675881867,0.8495350910416748,1.89041979822947,2.171712627926949,1.9832015902566802,1.9245996461491708,1.6687224814155543
p324,21,0,0,12,14.534922814541481,1.185613437405228,1.0434530583218387,2.5931747345007845,1.7919695273023666,1.354832972864917,1.3936868235221094,1.31007884802665,1.1150383940400106,1.7097011442393342
p325,4,1,1,13,14.6692079649162,1.657056597988519,2.3889864407519674,2.0000836034848426,1.9612612268527145,2.197851468856416,2.4787146572793515,3.159130802718628,2.794932670435623,2.3058701784343403
p326,19,0,0,13,14.431176215124378,1.7303559064193827,1.8555730836127573,1.6885827562872122,1.4069223329248723,1.8461897014293025,1.8205180674118266,1.7926438219054763,2.2651483843788567,1.978254078019118
p327,25,0,0,13,14.717267086259625,2.158783621059325,1.7679622110255522,1.9871659419296641,1.926102394711733,1.0748423356586616,2.2893856071631706,2.3674904023707155,2.3679899444565575,1.9409748302022707
p328,27,0,0,11,13.562483909064932,1.6833987615426074,2.7212829935738183,1.1044580919620883,2.149835705682519,1.7820205929437218,1.3664779127750464,1.5071298976974892,2.0843873859983493,1.4757003147858898
p329,8,1,0,14,16.163541391658594,3.7077485225139153,3.5450971928030715,3.4647157814894043,3.931874489505848,4.405623097926534,4.523504257644029,3.9980030631754477,4.284985465352957,4.343554414245054
p330,15,1,0,13,15.9544453726746,1.7306535719706206,2.3570327690734056,2.38487015242734,2.4893155925697577,2.729705184468931,3.008234510908299,3.5353286163987936,3.367299270589367,3.015439185122936
p331,7,1,1,13,15.394639669064354,2.1188858861730027,2.577039391126485,2.3492891308504436,1.7935210729063114,2.0622768533606815,2.969860988164494,2.7117730769653954,2.6642081692264794,3.1087662948205215
p332,9,1,1,13,15.085332606863266,2.1352316963209317,2.0972886911085946,1.4373356434041966,2.6765656334148185,1.779439268915648,2.4977746278699633,2.3982847203526823,2.668471600633424,2.710686040673075
p333,27,0,1,12,14.105639617048947,2.470875597599427,2.6762637781726664,1.9240118045774017,1.6844908224139423,1.1680070595010787,2.4375269615899366,1.9102280777223104,1.7194565646590332,2.136150396982288
p334,9,1,1,13,15.99846117666976,2.197586130696205,2.261697911322424,2.824321568951294,2.814386016947126,2.6954383093080403,2.6757485025311847,2.579018368879752,2.7238377099092643,2.6566448804817737
p335,24,0,1,11,13.776489604303004,-0.07203541945415926,1.161207397893204,1.102920760776279,1.2825850271097765,0.949097062706036,0.9560348903783765,1.2984647390301165,1.0076168805200998,1.2455452645844978
p336,23,1,0,14,15.948387384001302,2.6841339095318224,2.6541795802987926,3.2715007367832367,3.2971659665388433,2.404386590164855,3.238227773584677,3.78964103437321,3.3462799583389775,3.851067816126507
p337,29,0,0,13,14.543073554913931,2.063698001123311,1.8150703509158037,2.677719536069425,2.24799188132092,1.6450362554452473,2.6799575849901935,1.87466022540921,2.256481594642999,2.7146775233930005
p338,18,1,0,13,16.141724118368266,1.7832294310389782,2.412644291450191,3.1648815758645736,3.003337966083789,2.3718290070433263,3.2381081647752463,3.374924261661862,2.974389678326085,3.5550433301961255
p339,3,1,0,12,14.953926559643905,2.5852173237608476,1.904242420264255,2.2625590331268137,1.3395897349020343,1.0331922778738791,2.3670510069513404,2.412150895974356,2.4256426607498334,2.39806341493519
p340,16,0,1,12,14.0646853105255,1.8980299884538752,1.5894813522055737,1.8134211217965053,1.873962361111947,1.4467289969642705,2.015953788511344,1.7089369143749182,1.6955230831050307,1.274318134813791
p341,21,0,0,14,16.04130261195124,2.4322414933587595,2.7541257644845665,2.9550941327818103,2.967657854550416,3.3794035460568512,3.0653151295887637,2.7431020849562167,2.9182570430537127,2.830076167538608
p342,26,0,0,12,14.014153320508694,0.25532859257762874,1.0654397349630078,1.3984934170350978,1.4139953203830768,2.0220444128381727,2.459851766047396,1.0429824090748299,1.5154478224934758,2.1354356526352922
p343,26,0,0,13,15.373724508210357,1.6477802306900573,1.8436348822049016,2.1643212904208453,2.11941126415464,2.2223425359338265,2.184916706492385,1.7855777796759305,2.0201697502338454,2.3575593989047037
p344,4,1,1,12,13.852266680920216,1.01881165149399,0.9163654873181616,0.5348316352268851,1.214995769826361,1.9698788728710672,1.7526229883106126,1.4284261048522802,1.3918284025945162,1.4066939390679436
p345,21,0,1,14,16.1615365170691,2.2258701989422662,2.328706525383128,2.932043705663964,2.098948993783423,2.2708167543153532,2.548158105579077,2.286791791682204,2.462089277614433,2.8040433255343706
p346,27,1,0,14,15.692482565106918,2.5760907201903644,3.157934788423158,2.9431556519851636,2.7355989145785746,2.8249597818311107,3.1980120215337084,3.553256568748746,3.6152279744339513,3.6206513311433164
p347,6,1,1,13,15.400894257393414,2.3217443905162862,2.764013739186386,2.7703016926862936,2.5741955729376294,2.3116145638220793,2.932222781133428,3.19076272263499,2.858136165292367,2.5979134132076735
p348,6,1,1,14,15.721257571764466,1.6913072452024833,2.2988680412279305,1.466444930828959,2.167815060603296,2.7126938116342774,3.3195436942513226,3.1728379443916865,3.0965323153901223,3.4985274100363544
p349,23,0,0,13,15.049560584696552,1.7303038459744067,1.3411358340746724,1.300405344657033,2.099739083897697,2.7243625050656983,2.0362809805307207,2.185400097900463,2.152090143056049,2.499961043250699
p350,6,1,0,12,14.155716395279626,0.8989391751925984,1.1976286006135333,0.8982120946692169,0.4071214671862364,1.205182671783807,1.5624094364953014,1.5335880757587654,0.6943606840034382,1.6602528707739563
p351,27,0,1,11,14.054484603686223,0.5051866219364157,0.6466913902472553,1.2308618666390219,0.711736884968297,0.5483731379920975,0.9572408019461595,0.753274843391385,1.640712322721764,0.9258759113594774
p352,14,1,0,14,15.79859480358644,2.587680571657127,2.8080870569738527,3.389633734806221,3.1128774269742387,2.3159737888726957,2.725207306602669,3.3245266450491306,3.446894312605638,3.672294265438267
p353,18,1,1,13,15.239067655393338,2.189393650490717,2.3049516546434843,1.8071539378347716,2.2604475133015796,2.263632796835524,2.0611067996436647,2.140648982054594,2.6677226567144263,2.6110958124877492
p354,12,0,0,14,15.605834990446445,2.0841345781931087,3.112638886341834,2.992227741064927,2.3585510808767878,2.286962396985452,2.392686304496532,3.236661160001776,2.7865443084625783,2.3584429381012733
p355,11,1,0,14,14.930939953731793,2.7091481868158676,2.5310368004195087,2.4509357212274687,2.9719675537708667,1.8311060529215515,2.9584984801347,2.764723973305049,3.3358391464119723,2.938547453501676
p356,4,1,1,13,15.008896698241479,0.9518624254486121,1.7490029866209307,1.8711073484601055,1.6736524412202611,2.7968231928631635,1.9224015510554717,1.9223086327697585,2.8030894257665233,2.3852966328104865
p357,30,0,1,13,15.74615307431039,1.806462167094499,2.4290445929335567,1.937731567786607,2.525303910771547,2.6678443701399033,2.5383838485194814,2.3374816888541354,2.764814598786788,2.309074703251748
p358,24,0,0,13,15.530630655002957,2.2137306457670367,2.6905740171831605,2.504636447450064,2.2707704243528073,2.510767101985084,2.492935577201681,2.27571257209136,1.8903686194007379,2.2334753839404096
p359,22,1,0,15,15.782438043155503,2.4239093495219004,2.776632394414315,3.4488392765663263,2.358271211216108,2.324193431033275,3.1961359419833846,3.260885927076711,3.5433748550783615,2.9617491944776098
p360,29,1,1,14,15.590651812953512,2.6064495768117424,2.3552090417365434,2.891594039205768,2.7916864553840774,2.55993812842652,3.2343891698879363,2.6970827876941352,3.5774548032355353,3.4813807968062433
p361,27,1,0,14,15.669641633478829,2.2892715566768667,3.5873341200937348,3.2818313343804357,3.177332634741207,3.7737930112772697,4.099471441539774,3.4119526987742907,3.6160641790552255,3.841922358256981
p362,12,1,1,14,15.791454866818723,2.171781292277966,2.473661395578843,2.613916878644018,1.9727798405516872,2.668683566371605,2.993860204755713,3.0173565547993215,3.1780319403710435,3.8156881461054475
p363,11,0,0,14,15.637879881272573,2.9366114600268163,2.6003467766334505,2.8155525351305544,2.830727721531403,2.03038185025121,2.808418575117192,1.8225654318000462,2.1500460299458966,2.707918674479198
p364,5,1,0,14,15.21526511688091,1.8053846125884356,2.812710256194009,2.5952873885253265,2.6690021868071683,2.9319427803447593,3.0216949561347017,3.3274029836584034,3.051106060232518,3.126448137377339
p365,12,0,0,13,15.691001161912299,2.6827534003093985,2.851252720853473,2.8457595841420953,2.1393583424272604,2.659595288951263,2.6169922765889058,2.815483725200129,2.80136929692145,2.5606140987334385
p366,21,1,1,12,15.100102931569731,1.821732265864943,2.1433569860043913,2.7263409338004627,2.929716307222589,3.2749578357388067,3.2430224782419304,2.600328300179234,2.8384769672478063,3.4234472876947963
p367,14,0,0,12,15.16382602595465,1.0565486102760833,1.6771973647020966,1.3802401911196376,1.5301943201413033,2.1024048876883117,1.6341739836897868,1.9442070718392332,1.2683109127032268,0.9425732179917725
p368,7,1,0,12,14.418481276587503,1.9830762694573825,1.5218648369163206,1.9345883359710976,2.1092429228427747,1.2696250185836897,1.6682966846124527,2.0047886953641156,2.216425797062982,2.04318869544435
p369,30,1,1,14,15.644245372013993,2.3434059374821907,2.6745410625927604,3.388968162313623,2.517622051116918,1.7825368295428605,3.1648975385943805,3.007618123564313,2.7558089039336244,3.7148503678248055
p370,14,0,1,13,14.61999483429996,1.5735421492256225,1.6744294100049102,2.3740054961824977,2.8690341679647773,1.6152268460886432,1.9158813804053523,1.7158589524650063,1.934116409727226,2.0909969999446547
p371,14,0,1,14,15.680579820756149,1.5639286978140174,2.605315549406183,2.384076779877101,3.4225174353657586,2.4186277107272125,2.3951906016489115,2.7656533612806258,2.509242905983587,2.589898832118055
p372,4,1,1,13,14.50412696800129,1.6025188472091516,0.6753988782835392,1.929281463527831,2.08971592574832,0.9103544761475502,2.11427105548058,2.6082184835501168,2.2677829352071552,2.198085052442881
p373,5,1,1,13,15.55203266700797,2.003540420290109,2.5142742175262307,2.806202968173142,1.3046155505684232,1.1882009332614092,2.4797278237088674,2.4722460063010963,2.549821368990654,2.829402346569471
p374,10,0,0,13,15.17051718941588,1.8809212365701524,2.629948078297885,2.447567567989959,2.8245302816231286,2.3076219001526703,2.681644342933933,2.8762281243790127,2.6604147193129064,2.575072767319696
p375,20,1,1,15,17.10736668338255,2.403760584245443,3.9085958466981654,3.075818040052475,3.0813188076396294,3.243027409696305,3.427742158629306,4.064620952552333,4.372480090410047,4.608853508850988
p376,15,1,1,14,15.419139493920152,1.5554795209730208,2.62480792040513,2.8750734780653504,2.9524364615708425,2.364776372776621,3.591068076544735,3.086757968772917,3.430359152153063,3.1823281499667475
p377,26,0,0,11,14.070144941113389,1.321851955274256,1.3436735695718631,1.8055761772552636,1.7624638829762043,2.244730184906241,1.7326122541255051,1.3252090152648297,1.9307959591645802,1.563464244005684
p378,7,1,1,13,15.672231281972243,2.018064744811789,1.8930553493447033,2.0675457849926957,2.4094636246697907,2.5782438385560544,2.5979732482555065,2.8061993194713035,2.9856776359826083,2.7755679551504038
p379,8,1,1,13,15.25580369195759,1.3245981765373345,2.0509104884394014,2.673394233703438,2.548918500051353,2.1687996866161283,1.9382585613366068,2.2066337127350772,2.5126172386950896,3.097699699963482
p380,26,0,0,13,15.069527122868113,2.388099253373558,1.9033079128960861,2.326482839188487,1.6854974748691065,2.629616673752281,2.323003315061186,2.568653339508149,2.5410031548198226,2.091050742632577
p381,10,0,0,12,14.799805314869054,1.817323180422933,1.7872662242068238,1.3763394697643525,1.666916976826062,0.9470198598027217,1.6563474459592467,1.7375925858798285,1.8936670694830127,1.332480131416765
p382,12,0,1,14,16.059052285812566,1.5321386075301278,2.2386454295318816,2.7161265235275036,2.338981278881581,2.43969590185755,2.86241053136631,2.181190698230046,2.8623649053769578,2.3811525327695113
p383,26,1,0,14,15.885562573885624,2.230653035290061,3.0914383289220653,2.8612458133172955,2.565698734459359,2.6485036630785244,3.497329139736431,3.715226064979388,3.4586940860341353,3.369399812130014
p384,9,1,0,13,15.251518812678649,1.9913553725999886,1.4901595071696594,1.6478352431153782,1.9873655581450602,2.269737473183449,2.4889490308320417,2.573144644151634,3.126218646682219,2.5655311746715106
p385,28,0,0,13,15.303725795320966,2.0760279971895264,2.225520191035415,1.8356085861301845,2.34646537845594,2.963792702835935,2.693177676641149,2.7084429900040923,2.1549467902157744,1.8934582423407997
p386,4,1,1,14,15.942973708237098,2.728572275063936,2.8984247216135257,3.4444691620278265,2.773621057702169,2.945489854766315,3.563487686158924,3.5017620173352726,2.98651746870944,3.2649034714422647
p387,14,0,0,12,14.67859091429373,1.6652066861810908,2.2282770718181193,1.7082614932025475,1.4837521150274906,1.9937923011120402,1.671118038380623,1.6362555394191636,1.4680846244637284,1.4831383714123827
p388,3,1,1,13,14.9842479654531,1.8714924534295925,2.158656791363073,2.4556964056116923,2.649837767526682,2.6064913766881195,3.2295183183404848,3.302412161312263,2.8901286216798376,2.4858434880399853
p389,5,1,1,14,15.318352018536423,1.48704990405309,2.024202782286107,2.098203161778082,2.699021913089391,2.5800351867156324,2.685699441597952,2.6687254373718887,3.2684981324274087,2.9780926575319193
p390,19,0,1,11,14.458673727204273,1.7624053423296029,1.0343821213854831,2.1710397713304324,2.0290425143521547,1.3585872870830213,1.1020822665344885,1.416243431073433,1.2258402699495081,1.5957116666723135
p391,29,0,1,13,15.07452681525509,2.4988428927911075,2.93644997200459,2.3790521188490446,2.63993674715187,2.0562747017141834,2.217096862157487,1.842088508942882,2.0074931079512455,2.280510792658178
p392,20,1,0,13,15.439864584438814,2.2481732330182425,1.944072704036808,2.208572429004783,2.1813430592856404,2.4538732587368624,2.227412617216295,2.6956871870643133,2.6752286312860516,2.964814978857258
p393,28,0,0,11,13.07356361831106,-0.015184899111085892,0.8572391100724998,0.6156892285935743,1.4523760842559248,0.9574120802687289,0.7660293765500829,1.0795670238704724,0.7769381213127192,0.6136474751287191
p394,11,1,1,14,16.2500598032982,2.736661748974251,2.887817595579764,2.625881826696515,2.839350706642278,2.8674272176686815,3.403104927768082,4.35243557249511,3.2486139502331963,3.596078190204724
p395,29,1,0,12,14.55729570345429,2.075879528987653,1.630581904836375,2.568777598144355,2.732003209970625,2.332647462879449,2.587600540145987,3.3631687742916685,2.771422955618679,2.834492378017211
p396,20,0,1,13,15.534158780323372,2.3805723622076425,1.8780112128640178,1.2721442591104903,2.536508582987368,2.196374388440391,2.0793546180463216,2.3680347396981736,2.2199036806409107,2.2024552752735276
p397,25,1,0,14,16.89816334542131,3.0964623103127993,3.2117499174761948,3.837973730173174,3.6475767559278776,3.926338431342395,3.7663841684260224,3.969567159883089,4.418577790594783,3.4894017908971025
p398,8,1,1,15,16.39202531243948,2.711673763727836,3.1376272351082597,2.6889027205533695,2.8135172192876485,2.6997023995612457,3.121077360535594,3.7926963197047825,3.950829998740859,3.4982719176018455
p399,30,0,1,13,14.975154712831968,1.6338994704254004,2.953928607737803,2.248514127642098,2.5339211570984483,2.289284011436165,2.5215438265774557,3.138753789915034,2.806245390331063,2.7896606369991317
p400,16,1,1,13,15.029548061238966,3.1408383656344805,2.683024497894034,1.6289886802384976,2.1203754126661605,2.6322172819032925,2.260850725489395,2.6961982694309414,2.6531388714907145,2.932558008446131
p401,15,1,0,13,15.989795809523198,2.6924220693735554,3.4079947887892503,3.05340362249,2.6262558350001717,3.017662051997989,3.5427770286204603,3.2834583141118117,3.5312437629765836,3.1259862168006207
p402,28,1,0,14,15.35152779109309,2.6822364007356083,3.057789741494507,2.3466266566619707,2.6177816682343664,2.9010471883555895,3.2266599068041635,3.492957949650806,3.0230843831479377,3.385631569648122
p403,4,1,0,13,15.515910332301267,1.980466233604505,2.474634473930059,2.2955552984333236,2.643076280098097,1.7183749726800912,3.090986648663796,2.868231498662134,2.5241644887412344,2.7718340987769223
p404,28,1,0,14,15.02438951774839,3.289734215164544,2.900949253755167,3.2020795315361292,2.915845469941822,2.7507981878685004,3.3111993348043036,3.1310300244834153,2.579543439553533,3.0858313304048735
p405,18,0,1,12,14.452636818679013,1.3340029807446192,1.767745942916543,1.102802309818585,1.9343132675661479,1.9659898708235741,2.047676884172819,1.5313782677115013,1.7637721028367748,2.015049328295963
p406,26,0,0,13,15.298436405469543,2.6124512122183066,2.024847048643559,1.483374562974542,2.474751395121118,3.0311750869892005,2.242747910039919,2.0143723884832445,2.5754393613624074,2.7077193515808022
p407,17,0,1,11,13.294078976795985,1.0757659864284965,1.0274586874954088,1.2210400939052464,0.926176272146143,0.8084848263277048,1.3598850560281717,0.7266673720323812,1.5169290621733094,1.329119813652468
p408,6,1,1,13,15.201807565204424,1.5186348579882003,2.3865207404207753,1.9007066019038623,2.3042829602970265,1.806798878399839,2.4772775652164687,1.779083213893931,2.858606352869035,3.128759034746293
p409,27,0,0,13,14.314736472948617,1.9307514386652866,1.8630647399033702,2.2747545506976086,2.365290896499002,2.5209450994368345,2.1615757892903216,2.495029340948157,2.101090147199098,2.0788561964985077
p410,19,0,1,13,14.92912246535058,2.014923078331101,2.3280891130868753,2.7013165916924518,2.1064299262927206,2.1098424052809377,2.482549842579069,2.6218762756458895,2.7943680085871425,2.9885710400359864
p411,20,0,1,12,14.48083566050277,1.5594075821299873,3.0570235430069164,1.4189299148012817,2.059164308763297,2.092823102109626,2.185755890190516,2.0241740193602684,1.6710013432669988,2.0453480920124383
p412,11,0,0,13,14.977019036467263,1.5172459441599673,1.8409928004379035,1.7717825463358883,2.1302874470400823,2.5469751145519286,2.3124512652107274,2.8637775737154407,2.1343465005009516,2.388808640993274
p413,26,0,0,12,14.169871114738813,1.195723545671182,1.982324647177946,1.4213576399060803,1.4588896285950206,1.515764378213206,1.056295349824529,1.4929595462623735,1.5528120706157222,1.117128113656125
p414,8,1,0,13,14.251369924486863,1.8307802127541632,2.415562186182364,1.9369894748137984,1.9049890501592746,1.966492634059576,2.2764986047053233,2.497184937360778,2.554809721372006,2.8839925761977563
p415,11,0,0,13,14.850331457259447,0.4495733661562886,1.6546142424979442,1.705535027174008,2.2013128550372514,2.283604954528695,1.7132657697282985,1.708895904184625,1.8157297980574088,1.3247491250461063
p416,2,1,0,12,14.956857215903044,1.2394708413139561,1.6062485831760123,1.7352938805052838,1.5218345240058282,1.6068527228265634,2.3578818820383174,2.2889125989803376,2.028571399192706,2.000012898689594
p417,20,1,0,13,15.359689402642665,1.186715644097764,2.144117454417685,2.593005748872325,2.750054269284898,2.903849874138585,2.540529718852726,3.0908597228780317,3.139287935139373,3.14995874168681
p418,24,0,1,12,14.331967119612822,0.5269611969457657,0.9460005376803626,1.7458809353634226,1.7813544378926962,1.7064840866689837,1.6079900584395952,1.14082874677597,1.3201029333670433,1.0870478209640124
p419,23,0,1,12,15.025786469489564,1.3857860819112833,1.6695903848821385,2.2983642267448587,1.0751584482466598,1.3500868622524946,1.4885995168338573,2.01728704871936,1.7804431768591071,2.2734746086545767
p420,18,0,1,12,15.215890833899579,2.966389030934385,2.4062153961669384,2.2799505917146567,1.9798995103551915,2.3188507335809834,2.6985074042595603,2.541808858415456,2.3287142810719246,2.2049239386999417
p421,22,0,0,12,14.746236189848688,2.2979493671911784,2.420743426519727,2.4820680232028987,2.3646953444179686,2.162252987183953,2.2916481062250655,2.2574325842376513,2.9190465719198073,2.1412558194519455
p422,1,1,0,13,15.394572260911415,2.8719824067147943,2.5909484605628315,1.7927868224595827,1.147973553837228,1.6886482031218832,2.6920763557452645,2.531167808962499,2.8301707418069015,2.13706554204407
p423,12,0,1,12,15.198784362138435,1.0135061703894042,1.4511397527141034,1.3040683104380477,1.6505270865444235,1.2865188604056006,1.5655157859915108,1.702243515659355,1.7468909091171407,1.5352715708674431
p424,10,1,1,12,15.26801380265663,2.427646596620338,2.4217350920432628,2.146672625897164,2.1550810299100944,1.8073366150648655,2.4127587473230285,2.3869342826547926,2.217488050422434,2.789231330948456
p425,30,1,0,13,14.594206635724623,1.0410305843132464,1.7792234355640562,2.3746512649465763,1.6250147112175175,1.7622301154467441,2.3545956923587252,2.203894521332028,2.2860528550535104,2.4464017183647027
p426,26,1,0,13,15.05856348352744,2.0832361271041564,1.7964517603964496,2.056010840954183,2.1788278525611053,1.7054304681908539,2.8582113467776793,2.9507628854178303,2.4416453863949954,2.167354041267378
p427,10,0,0,14,15.701926972158065,1.87397301403171,2.6859193827796624,2.4288180625213016,2.0118318549165024,2.3248243329960645,2.5404747369182106,2.5873391180877734,2.3302210128681877,2.5975016411553566
p428,17,1,1,14,15.792222799571876,2.654451464676871,2.562418058713558,2.9906681623754796,2.3234951181198302,2.6312640882592206,3.430662976553475,2.971507185652613,2.9055654046810537,2.684955109151523
p429,1,1,1,11,14.184166529919132,1.5690402839176167,1.3298056375032343,2.229615207281895,2.2124507022568833,1.5963187383145139,2.033761057795076,2.030856492368175,2.7079010598069457,1.9331448639771298
p430,17,1,1,14,15.526034709885568,2.435092256846459,2.393066129570573,3.067295231525974,2.4593850455748187,2.279408788135991,3.5435181272667813,3.2792216235588305,3.5389800807761493,3.4144278396639662
p431,14,0,0,13,15.166345541011957,1.572939514974268,1.211520971048532,1.4005155415166815,1.898230919151929,2.1120967247144242,2.233051424632594,1.8926658445821392,1.3881912108882604,1.8697687161365042
p432,16,1,1,14,16.449271161456323,2.696608581355771,3.0789572389463116,3.2688781694577558,2.5352965724117205,3.044638336574439,2.9856100368777674,2.8863234908170208,3.067336194024885,3.2811559982973946
p433,3,1,0,12,14.897551488896767,2.235221684850324,1.6272472451589348,1.8846836324595464,2.266565107655035,1.619275293546608,1.8328817547946774,2.169398096463965,2.2594988294348055,2.2209062404671878
p434,20,1,0,16,16.891125761368546,3.4413446610631917,3.410467371810603,3.8044739944088106,3.0170839190647922,3.4164256442096166,3.9945577128347503,4.30982569907331,4.279133631960659,4.09705137263764
p435,2,1,0,14,15.948949617441242,2.6795051308911897,2.8159472877321976,2.7827934167288766,2.7763752788971625,3.0437291780994684,3.5444152561905207,3.2502278753213685,3.451481743964477,3.6718829827537074
p436,18,0,0,12,14.506164032537407,3.023426790526154,2.4699491117475385,3.3017550261721316,2.3130917794388877,3.3154521836260806,2.4718063456900046,2.7899883096410423,2.2878497605178456,2.3244388486003027
p437,19,0,1,12,14.127635035965696,1.1679613613592588,1.1659424981625564,1.2601687796030638,1.0891268141352053,1.2081910718600672,1.127295865753847,1.283351951680086,0.633712112446024,0.6120112564088979
p438,22,1,1,14,15.38291018775798,2.7400499853151583,2.7241294491589003,2.291212532299891,2.8421647055936754,2.5735464421356005,2.463687418756214,2.6228120596033424,3.1241578664822383,2.7266392875601837
p439,10,0,1,13,14.94535971084385,2.3694595153076627,2.6293255371329596,1.8185878868080916,2.4102975472708685,2.296469982548663,2.321743680878849,2.3267985463702794,2.340365809997252,2.78139839208659
p440,27,1,1,13,15.590087574317309,3.1047064669408537,2.9490668972946192,2.740640158675158,3.38825275818077,3.403483147788832,3.6417651959934285,3.5017325745990555,3.168181309421208,2.833798465938346
p441,13,0,0,13,14.78729168755356,1.7173188949375204,1.8672024326624366,2.679271146239472,2.1585631771864193,1.558375938431787,2.2608727143559992,2.0220362422080376,1.7655357583448272,1.7287671229020807
p442,10,0,1,12,14.598821310332678,1.741521601483963,1.8748093236705161,1.823131784603087,1.9964841471572663,1.7837707380867331,2.223832338790541,2.122453450366026,2.4157213604303376,2.3352502538903117
p443,7,1,1,15,16.646274093948314,3.039055559308667,4.225111468806592,3.3527057170736034,3.669817314855079,3.193521666245946,4.1325350332489155,4.790364546068583,3.7209321772726622,3.7575274664674123
p444,15,0,0,14,15.749815802333375,2.1028458482665076,3.122265227399905,2.573369764679591,2.738971930482496,1.8856470101558571,2.390556730838168,2.8020887897977813,2.825428913286619,3.0465169119073954
p445,15,0,1,13,15.590628742319733,2.8780767462894943,2.8664454001259707,2.7454140534450633,2.3977681364072616,1.7893206241235917,2.392912492244788,2.7209031344427914,2.303334324025342,2.741453988381548
p446,25,0,0,12,14.43718670912217,2.6770164056158725,2.483039966321741,2.0117902150840417,2.721514400244224,1.8143319542344998,2.2528965376212846,2.0722514873732347,2.008066033116982,1.8258059092567922
p447,19,0,0,12,14.254958204659713,1.0733369085852247,2.1357280845539406,1.9270338981883148,1.6776233829815408,1.7270052875607735,2.08261942970332,1.5620238397154598,1.5759734276267876,1.1322245597061302
p448,6,1,1,12,14.416338140093387,1.4681756054451607,1.4911352001575797,1.8395860929469754,1.6512791961443565,1.7064013475812063,2.7398301985336397,2.1131398606751355,2.5172173317257034,2.9164370955156307
p449,25,0,0,12,15.04031401597964,1.0840277471162467,2.150952673589092,1.9519639477031452,2.2847758472549673,2.0505357878502153,2.3900314964022105,2.231010156740971,2.123125867149381,2.5203835048653613
p450,28,1,1,14,15.450282050392383,2.771442337736405,2.94086332999702,3.4878198818307715,2.663428466581677,3.43787415159233,3.4859913234156785,3.5360973535857694,3.154503504340503,3.6890802398960143
p451,1,1,1,14,15.586246503528404,1.7757290658536282,2.6292488096809867,2.023357756410168,1.6950527342236836,2.2598644553627443,2.761040385083757,2.5969401696352956,2.8855550875319236,3.016579702394093
p452,13,0,0,12,14.352027591412133,1.2535389628173321,1.4682717959278229,1.1722387850906104,1.84003042292737,1.0479403843081627,1.4118605155208312,1.3307991561622716,1.2597592025859048,1.65138315467532
p453,24,0,1,14,15.380948367963272,2.427134051500665,1.9587414197070272,2.689734731941728,2.126027875158247,2.2193052311584487,2.3733967124694133,2.4289160060115584,2.8770483768736614,2.7111011819684436
p454,10,1,0,13,14.968440697530635,2.321211912280643,2.524386829253737,2.4410659617924564,2.673415691240313,2.745007931710556,2.7666973379356814,3.5920542193132934,2.7977197787371324,3.2621055733590323
p455,15,0,1,12,13.633824954329496,1.5017650818069699,0.747853735056953,1.2560722801423219,1.5325792846922675,0.6834473093524416,1.4060286716237567,1.2154550689707453,0.8930592242920974,1.7871242232420599
p456,10,1,0,13,15.796614315891048,2.7374866498737385,3.4406544800259224,2.3718897794174603,2.0902706458146203,2.5694937886564553,3.225699952873561,3.4572120347846647,2.9406263548311586,3.3525425156059585
p457,29,0,0,13,15.009768345385313,1.8487420942019306,2.5162201429546487,2.570904909343866,2.9221316921449145,2.58240268972161,2.4422262992206614,2.783758632766728,2.348481097972819,2.145872521434611
p458,23,1,1,13,14.839925857501942,1.9258438857553228,2.3795171431520425,0.9454099276462086,1.9225172289829087,1.6638131610819082,1.7558606946582573,1.5801310588944082,2.164872135831045,2.558045239730394
p459,2,1,1,13,14.732672241324947,1.7939449131840643,2.137463665777884,1.5426952785450347,1.9958230949426359,2.378092898272394,2.5348383596530306,3.1878873086748243,2.3704138311350564,2.521200691449636
p460,22,0,1,13,14.745726492661271,1.2741849003971715,1.7710207051311633,1.8549470766615386,2.7463290867452685,1.2107458475503654,2.294453566967227,1.9566747398000992,2.172106724997251,1.8842516301894965
p461,11,0,0,12,14.23035669747471,1.3259131502732835,1.8867290013100144,1.7961129969342975,1.1647058940648474,2.44605634568797,2.2772008964353314,2.0274578805742136,2.007371202982973,1.672989623172818
p462,17,0,0,12,15.356818213149442,2.8167735142428514,2.619827502119866,3.248724328308108,2.1045424288437746,2.4470025263938657,2.3614230060034074,2.9059342208991756,2.3147967941618233,1.983654682115404
p463,18,1,1,14,15.732491997529907,2.825783337301451,3.539389345928829,2.97567403494688,2.4311180689245004,2.061396000035436,2.9177754399845717,2.8661114542981085,2.813750180520815,2.580719486360507
p464,5,1,1,14,15.57828739148929,2.487511437230502,3.8992610245388164,2.8878233200648777,2.869552641739471,3.2140845916813823,3.6804396642967085,3.399148609451354,2.6862322786547126,3.466631756266485
p465,10,1,0,13,14.870616877438867,3.2464786652909825,2.4609130051426806,2.049942265208624,2.5980689503452163,1.4604728984707422,2.58753941946525,3.029298150948778,2.5010551026737136,3.141072307881954
p466,26,0,1,14,15.402504781975882,2.204626631058068,2.1926203328726435,2.219613432765871,1.9082257722255478,2.7344553507806215,2.4301459373621577,2.5102681843600587,2.780017996122142,1.9078875570261595
p467,22,1,0,14,15.845609956302775,1.2963814283700732,1.7444781974131114,2.951714135612752,2.9125846685831966,2.9986093642996,2.919430296667496,3.1280494538534875,3.3699953282796433,2.9702327025166047
p468,7,1,1,13,14.928221047624987,2.824027801972563,2.51986789283758,2.791874905815784,1.7729615365345888,2.129523706909968,3.3209365735169967,2.961644071951121,3.370263078413803,2.826463152032992
p469,5,1,1,12,14.323259975969146,1.7950090131745868,1.5311057837183242,0.6949728799477042,1.1748694110851985,1.5478858460979292,2.1383807495650426,2.1020797310995007,1.623876151577556,2.079699732623529
p470,1,1,0,14,16.033231934463963,3.1678589443440472,3.3496350460931295,2.83240664914489,3.702365232510826,3.4290980424324906,3.713096580405252,3.5048593186425214,3.5165012679796326,3.3953845024187284
p471,30,0,1,11,13.790268414529708,1.2156286628937658,1.6933352357105513,1.1152359926484166,0.44404651821763963,0.6350974062758986,1.0408305996393747,0.974821509503734,1.037751799180184,1.320449667123229
p472,18,1,1,15,16.689382067835687,2.786958602632279,3.1454031640655433,3.5708378631162336,3.156650624635353,3.1901904747250396,3.813354367774643,3.622317989065578,4.0848331616208275,3.9219579583437905
p473,10,1,1,15,16.28872130039679,2.6937830009531516,3.1153447656915043,3.0386890947939325,3.5258233550784865,3.397679379114566,3.6784746360180844,3.9842119399126905,3.585926702870065,3.7717000015249726
p474,16,0,0,13,15.184710160332207,1.7972009185074156,2.018878385660159,2.193561488859042,2.1332468545840966,2.5766447696486043,2.4112564541197026,2.1285800946983513,1.8328446551339617,1.5485065554473367
p475,17,0,1,14,15.304739947119927,2.5452709940678684,2.4290177069601544,3.0343631939279856,2.6463550404910365,2.710987948265528,2.4748137486137445,2.3610080708546604,1.9730938407577827,1.9198340323492205
p476,2,1,0,14,16.06160128789019,2.2217113407262894,2.404653396643573,3.0463100726286334,2.825314529226787,2.916359149406487,4.0057406942179705,3.43597708656345,3.6204851465891,3.727946052283791
p477,16,0,1,11,13.948067377385128,1.347222531018264,1.3003029277006644,1.3092142399341389,1.778840886234526,1.679435351570321,1.1091629844958055,1.5183845551867654,1.4652064246235816,1.7872529657729064
p478,11,1,0,13,15.997229542819152,2.6916237957539364,3.4576779216668254,3.078911806796041,3.4761804895736352,3.514201996899848,3.5154961346448492,3.2068142467523195,3.4440694650639854,3.5627312783521288
p479,29,1,0,13,15.315211097706271,1.7594708227177955,2.541426026688622,0.317829401875743,2.114227501508705,1.6124055947143436,2.429871061571309,2.1627319953822646,2.232320093223872,2.7536337320712647
p480,11,0,1,13,15.395316284191843,2.4871227590785057,2.618346620331277,2.613244731371194,2.338966963032246,3.029434586620954,2.9244919033331502,2.4909209587645607,2.5027955683929997,2.386038786808128
p481,21,1,0,13,15.60123328823693,2.7918824476799333,2.9642991024837024,3.234843739253881,3.529475011586154,2.587777795324634,3.41941535108832,3.2142698461139507,3.7349812484653913,3.2813486761570205
p482,21,1,0,13,15.040699136604422,2.7344616670056237,2.851010903744173,2.547853098450945,3.795651020462488,2.147252380290129,2.1559039630502186,2.6588107718984353,3.210665392774936,2.9500293910988122
p483,22,0,1,12,14.587979631919143,1.7814244639079042,1.8267057774002209,2.787783896007815,2.5356017504827952,2.1968455518073435,2.2093878481741256,1.2668933235911921,1.8888788632530777,1.8299425799892137
p484,1,1,0,13,15.49199510911156,3.3814841394177892,2.3823776333170295,2.667659942171899,3.4475978892669716,3.2270222423008414,3.132777091117557,3.278899725342805,2.5218166313441976,3.238565364337427
p485,20,1,1,13,15.152141774753803,2.269593647779122,2.4317732214546783,2.526492747817172,2.2550757104171324,2.304139105915086,2.856049731383759,2.7228712691893278,2.88136915959229,2.7078246037772056
p486,2,1,0,13,14.922884458316618,2.148318261317576,3.025659401042666,1.9453455676151559,1.7551740073547448,2.3070909553879275,2.3935394108644013,2.1077772596355424,2.7756606231801615,2.3739376137649226
p487,4,1,1,14,16.251789960442068,3.443249834818893,2.8572606668600917,3.5511064172838185,3.6833252242837795,3.498987456210016,4.143033701000396,4.315567120413796,4.447712213059672,3.857170775752884
p488,10,0,0,12,14.362837294498235,1.6125422470966981,1.7162059719778602,1.8690598692324223,2.491651933149505,1.8440991071227903,1.6437576677659551,1.972288655442026,1.303209695611737,2.144234633102214
p489,26,0,0,13,14.728524257121448,3.20396277221984,2.5194220249537915,2.100693381970468,3.129346246245431,1.8739126894665588,2.9633179314317784,2.2725506434396587,2.7948585972706037,2.4771050904650838
p490,14,0,1,12,14.191739608493732,0.9606717436184724,2.600993434055974,1.6322328656171863,0.5901935037973594,1.6090357698716344,1.5166525834096187,1.4366771864737171,1.0442852961752158,1.486775155115764
p491,6,1,0,12,15.143858108833715,2.061594588941454,3.117940101090109,2.4041428506413665,2.8317247557315306,3.2693000484697423,3.3797787544374036,3.128416861939678,2.7527121544890636,2.727765892509983
